user_id,username,bio,followers_count,following_count,posts_count,account_age_days,avg_likes,avg_comments,avg_shares,engagement_rate,is_verified,has_website,has_location,profile_completion_score,story_post_rate_weekly,city,state,email_verified,phone_verified,two_factor_enabled,device_count_30d,login_ip_diversity_30d,signup_to_first_post_hours,posting_time_entropy,follower_growth_rate_7d,reports_received_count,content_removed_count,archetype,is_fake
igdemo_000001,varshalall_xo,"DM me, I promise it's me I reply to my real fans personally Project number 34 coming together nicely.",9278,245,10,830,414.1,47.6,23.5,0.052295753395128264,False,True,True,0.618,13.75,Chandigarh,Punjab,True,False,True,2,2,112.72,0.607,-0.0136,1,0,Fitness Creator,0
igdemo_000002,perimanya,Full-stack developer views != my employer's Currently debugging from Jaipur.,3470,50,5,1884,168.4,12.8,4.0,0.05337175792507205,False,False,False,0.657,0.32,Hyderabad,Telangana,True,True,True,2,3,666.48,0.682,0.0457,0,0,Developer,0
igdemo_000003,radhika53149,majoring in something I still can't explain at parties Ahmedabad University '27 Ran into Brijesh at the library again. 😊🎉,162,318,17,880,11.647058823529411,0.9411764705882353,0.29411764705882354,0.07952069716775599,False,False,True,0.528,6.84,Ranchi,Jharkhand,True,False,False,3,3,519.07,0.724,0.0282,2,1,Student,0
igdemo_000004,bansaljoshua,"Junior at Mysuru University CS major, coffee minor Studying in Lucknow has its perks. 🙌🎬",667,300,6,1680,41.333333333333336,9.5,1.0,0.07771114442778611,False,False,True,0.601,0.36,Bhopal,Madhya Pradesh,True,True,False,2,2,119.9,0.662,0.045,0,1,Student,0
igdemo_000005,real_darpanpatla33677,"Small business, big heart Thank you for supporting small business New drops every 8 weeks Celebrating 37 years since we opened our doors.",146,126,9,118,1.0,0.0,0.0,0.00684931506849315,False,True,False,0.296,0.5,Hyderabad,Telangana,False,False,False,1,2,1.72,0.343,0.1883,2,6,Spam Account,1
igdemo_000006,balveeriyer.xo,Living my best life ✈️ Manager: link below Partner with the biggest brands Look number 2 from this campaign.,56945,271,8,477,648.625,48.125,17.375,0.012540609359908684,False,True,False,0.488,1.62,Mumbai,Maharashtra,False,True,True,1,1,3.22,0.318,0.4608,1,1,Fake Influencer,1
igdemo_000007,davidnagarajanco,"Partner with the biggest brands Full-time content creator Since 2024, this has been the dream. 📸",661,197,6,632,39.666666666666664,6.833333333333333,1.1666666666666667,0.07211296016137166,False,False,False,0.898,1.19,Indore,Madhya Pradesh,True,False,False,1,4,465.14,0.897,0.0386,2,1,Fake Influencer,1
igdemo_000008,hiteshdua932,Junior at Lucknow University into indie films and bad puns Fun fact: I've switched majors 56 times. ☕💪,312,181,15,625,26.666666666666668,1.5333333333333334,1.0,0.0935897435897436,False,False,False,0.623,0.6,Vadodara,Gujarat,True,True,True,3,1,272.36,0.784,0.0483,0,0,Student,0
igdemo_000009,ibhagat,debugging in production (don't tell my manager) views != my employer's into distributed systems Deploy number 77 of the week. 🧠🚀,2115,181,3,1734,44.666666666666664,5.0,1.0,0.023955870764381403,False,False,False,0.591,3.12,Kolkata,West Bengal,True,True,True,2,3,314.35,0.718,0.0585,2,0,Developer,0
igdemo_000010,esarin,pre-med and perpetually tired Ahmedabad University '27 into indie films and bad puns Can't believe it's already 2018. 😊🎬,577,333,11,1831,42.90909090909091,4.363636363636363,0.9090909090909091,0.08350401764613201,False,False,False,0.803,2.17,Lucknow,Uttar Pradesh,True,True,True,3,4,237.28,0.94,0.0072,0,0,Student,0
igdemo_000011,ishitasarafglow,"DM 'START' for coaching info 5am workouts, no excuses Certified personal trainer Shoutout to Lopa for showing up every day. 🏃",14659,879,15,2828,1274.7333333333333,176.73333333333332,71.33333333333333,0.10388157445937649,False,False,True,0.747,6.87,Dehradun,Uttarakhand,False,True,False,1,2,633.68,0.777,0.0249,1,0,Fitness Creator,0
igdemo_000012,samar77,board games on weekends Building things at Saxena Realty Group Shoutout to Krishna for the code review.,1222,631,16,2232,52.25,6.6875,0.375,0.04853723404255319,False,False,False,0.678,0.3,Coimbatore,Tamil Nadu,True,True,True,1,4,419.83,0.587,-0.006,0,1,Developer,0
igdemo_000013,rajuvarenya.official,Thank you for 16 years of support Ignore the other fake pages 54 years of your support means everything.,6582,6212,9,286,111.88888888888889,12.666666666666666,3.4444444444444446,0.019446976602856273,False,False,False,0.884,0.02,Nagpur,Maharashtra,False,False,False,2,2,0.72,0.348,0.1561,3,0,Celebrity Impersonator,1
igdemo_000014,raghavchhabra_fanpage,"Follow this account only Beware of fake accounts impersonating me Since 2017, the journey continues.",4576,4233,9,486,52.333333333333336,3.2222222222222223,2.4444444444444446,0.012674825174825174,False,False,True,0.815,0.76,Surat,Gujarat,False,False,False,2,2,2.89,0.318,0.2996,5,2,Celebrity Impersonator,1
igdemo_000015,brindanagi.official,"Manager: link below Collab requests welcome Brand deals only, please Can't believe it's already 2023. 🌴",55949,1122,6,1016,5231.833333333333,748.8333333333334,151.16666666666666,0.10959683521302138,False,False,False,0.759,6.11,Udaipur,Rajasthan,True,True,False,1,4,655.46,0.588,0.0139,0,0,Fitness Creator,0
igdemo_000016,lopa26,"always shipping something small Rust curious, Python fluent Working out of Coimbatore this 2025.",55412,277,10,875,422.7,39.6,0.4,0.008350176856998483,False,True,False,0.56,1.47,Bhopal,Madhya Pradesh,True,True,False,1,2,3.63,0.214,0.4767,4,4,Developer,0
igdemo_000017,anamikakorpal_fanpage,cloud infra tinkerer opinions are my own debugging in production (don't tell my manager) Deploy number 3 of the week.,6221,6319,8,298,102.625,11.875,1.0,0.018566146921716764,False,False,False,0.507,0.44,Vadodara,Gujarat,True,False,False,2,2,1.68,0.071,0.4575,0,0,Celebrity Impersonator,1
igdemo_000018,barad_oak_and_pillai,Woman-owned & operated Local favorite in Coimbatore Custom orders welcome Batch number 38 restocked today.,785,397,12,2130,15.75,2.1666666666666665,0.25,0.023142250530785564,False,True,True,0.787,2.88,Amritsar,Punjab,True,True,False,2,3,128.65,0.75,0.0203,0,0,Business Account,0
igdemo_000019,purohit-purohit,Thank you for supporting small business Kapoor Logistics Pvt Ltd — official account Celebrating 10 years since we opened our doors.,6571,131,10,2027,258.3,21.1,5.7,0.04338761223558058,False,False,True,0.783,5.39,Kolkata,West Bengal,True,True,False,1,3,410.75,0.687,0.0497,2,1,Business Account,0
igdemo_000020,best_poak92464,DM me 'INFO' now Tap the link before it's gone Over 19 people already joined this week. 📩,413,99,11,374,10.181818181818182,1.5454545454545454,0.5454545454545454,0.029716046665199204,False,False,False,0.545,0.16,Ranchi,Jharkhand,True,True,False,3,1,108.46,0.568,0.0594,2,0,Spam Account,1
igdemo_000021,gour-brahmbhatt,Local favorite in Kolkata Proudly independent Booking now for 2021 83 orders packed and ready to go.,129,128,9,6,1.2222222222222223,0.0,0.0,0.009474590869939709,False,True,False,0.282,2.54,Bhubaneswar,Odisha,False,False,False,1,1,1.29,0.075,0.2395,11,0,Business Account,0
igdemo_000022,wsaxena.xo,Certified personal trainer Booking 1:1 sessions recovering cardio-phobe turned lifter Logged 68 miles this week.,9632,2253,9,3012,780.5555555555555,71.44444444444444,28.666666666666668,0.0914313399778516,False,True,False,0.806,0.25,Chennai,Tamil Nadu,True,True,True,1,1,86.15,0.943,0.0296,2,0,Fitness Creator,0
igdemo_000023,the_dakshasane91533,MAKE $500/DAY FROM HOME Turn $10 into $1000 DM for details Over 8 people already joined this week.,172,209,5,224,0.0,0.0,0.0,0.0,False,False,False,0.163,0.39,Noida,Uttar Pradesh,True,False,False,1,1,2.45,0.288,0.2359,6,4,Spam Account,1
igdemo_000024,imaran91,"I reply to my real fans personally My verified account got hacked, this is the new one Back in Chennai this 2021.",1075,264,9,1032,76.22222222222223,10.11111111111111,2.4444444444444446,0.08258397932816539,False,False,False,0.767,1.77,Delhi,Delhi,True,True,True,3,3,364.06,0.623,0.0349,0,1,Student,0
igdemo_000025,hardiktoor786,board games on weekends cloud infra tinkerer Building things at Sinha Renewable Energy Shoutout to Megha for the code review.,1221,254,12,2698,44.583333333333336,3.25,1.1666666666666667,0.04013104013104013,False,False,False,0.597,3.17,Mumbai,Maharashtra,True,True,False,1,1,124.96,0.75,0.0188,1,1,Developer,0
igdemo_000026,top_wvarma46028,"Follow for a shoutout!! DM for details Avi just signed up, you're next. 📩🎁",224,641,6,3017,16.5,2.0,1.0,0.08705357142857142,False,False,False,0.801,0.1,Jaipur,Rajasthan,True,True,True,2,4,126.82,0.797,0.0183,0,1,Spam Account,1
igdemo_000027,mittal_andra_and_roy,"Free shipping over ₹999 Proudly independent Family-owned, Chennai-based Batch number 55 restocked today. 📈",6281,226,7,564,299.7142857142857,29.285714285714285,4.571428571428571,0.05310801282780267,False,True,True,0.644,4.41,Nagpur,Maharashtra,True,True,True,3,1,655.36,0.641,0.0115,2,1,Business Account,0
igdemo_000028,charvijayaraman_glow,"Shop my looks — link in bio Living my best life ✈️ Since 2022, this has been the dream. 📸",9793,102,20,717,23.4,0.5,0.4,0.002481364239763096,False,True,True,0.438,6.53,Delhi,Delhi,False,False,False,2,1,2.73,0.124,0.3672,3,4,Fake Influencer,1
igdemo_000029,rajagopalanita847,here for the memes and the free food Grad student @ Ranchi University Number 4 on my to-do list: sleep. 🙌📚,372,128,9,566,22.88888888888889,1.6666666666666667,0.3333333333333333,0.06690561529271206,False,False,True,0.706,6.24,Kolkata,West Bengal,True,True,False,2,3,363.2,0.67,0.0183,0,0,Student,0
igdemo_000030,best_vanyachopra71716,Link in bio NOW Click the link and thank me later Free crypto signals daily Slot 81 almost gone.,224,277,8,31,0.375,0.0,0.0,0.0016741071428571428,False,False,False,0.369,0.29,Indore,Madhya Pradesh,False,False,False,1,2,3.05,0.132,0.0576,8,3,Spam Account,1
igdemo_000031,gmahal,React/TypeScript enjoyer always shipping something small coffee-powered 25 tabs of documentation open right now.,706,293,10,2773,55.0,8.6,0.8,0.09121813031161474,False,False,False,0.748,0.77,Jaipur,Rajasthan,True,True,True,1,4,302.43,0.868,0.0578,2,1,Developer,0
igdemo_000032,arya09292,collects vinyl I can't afford just trying to pass exams Shoutout to Rishi for the study session. 🎬🎉,81933,136,12,646,506.0,32.583333333333336,0.9166666666666666,0.006584648432255624,False,True,True,0.711,2.81,Gurugram,Haryana,False,False,False,2,2,1.63,0.296,0.2307,3,2,Student,0
igdemo_000033,jeremiahmital_verified,"New project coming soon THIS IS MY ONLY REAL ACCOUNT Since 2024, the journey continues.",3129,4101,12,494,28.583333333333332,1.4166666666666667,1.0833333333333333,0.009933951209118995,False,False,False,0.558,0.2,Kochi,Kerala,False,True,False,1,2,2.78,0.077,0.1668,6,1,Celebrity Impersonator,1
igdemo_000034,aggarwal-sheth,"Guaranteed followers overnight Comment 'ME' below Pushti just signed up, you're next. 💰💯",1038,468,10,3681,58.1,6.9,1.7,0.06425818882466282,False,True,True,0.927,8.24,Mumbai,Maharashtra,True,True,True,1,4,56.34,0.802,0.0012,1,1,Business Account,0
igdemo_000035,best_devanshvenkataraman97886,"Woman-owned & operated Family-owned, Lucknow-based Special Onam offers running now 76 orders packed and ready to go.",245,273,6,292,1.3333333333333333,0.0,0.0,0.005442176870748299,False,False,False,0.288,0.49,Bengaluru,Karnataka,False,False,False,1,2,0.13,0.128,0.1381,1,0,Spam Account,1
igdemo_000036,kapadia_inc,"Thank you for supporting small business Custom orders welcome Family-owned, Bengaluru-based Customer number 43 just left a five-star review.",4012,159,5,2373,100.2,6.6,5.8,0.02806580259222333,False,True,False,0.863,2.61,Noida,Uttar Pradesh,True,True,False,2,1,200.43,0.647,0.0551,2,1,Business Account,0
igdemo_000037,lall_inc,"Quality you can trust Community first, always Desai Design Studio — official account Order number 82 just shipped. 📈",386,321,9,178,1.4444444444444444,0.0,0.0,0.0037420840529648817,False,False,False,0.157,8.28,Ranchi,Jharkhand,False,False,False,1,2,0.02,0.252,0.1344,4,5,Business Account,0
igdemo_000038,ujohal,"Brand deals only, please Manager: link below Shot this in Hyderabad.",2553,525,14,836,197.57142857142858,19.214285714285715,2.0,0.08569749874097701,False,False,False,0.771,0.05,Kanpur,Uttar Pradesh,True,False,True,1,2,648.88,0.625,0.0251,0,1,Developer,0
igdemo_000039,tankyashasvi.world,macro-friendly recipes on the blog Free workout guide in bio Powerlifter & coach 92 minutes of mobility work this morning.,22046,659,6,862,1151.6666666666667,161.66666666666666,46.833333333333336,0.06169675526928544,False,True,False,0.83,5.18,Hyderabad,Telangana,True,True,True,2,1,640.52,0.662,0.033,0,1,Fitness Creator,0
igdemo_000040,harinakshitakworld,"Booking 1:1 sessions Helping you build strength, not just muscle swapped fried snacks for home-cooked filter coffee Coaching 71 clients this cycle.",18302,513,10,2922,1684.3,180.5,57.1,0.10501038137908425,False,True,False,0.639,12.9,Lucknow,Uttar Pradesh,True,True,False,3,3,40.39,0.633,-0.0048,0,0,Fitness Creator,0
igdemo_000041,panchal-pandey,"Made in India, made with love Free shipping over ₹999 Based out of Patna, shipping everywhere. ✅🤝",3824,223,7,2588,53.57142857142857,5.0,2.142857142857143,0.015877166766288104,False,True,True,0.643,1.96,Jaipur,Rajasthan,True,False,False,1,4,553.25,0.595,0.0393,0,1,Business Account,0
igdemo_000042,patla_gola_and_sodhi,"Email in bio for collabs 10k+ engaged followers, ask for my rate card Trip number 8 this year, no complaints.",2160,221,9,3891,45.0,2.7777777777777777,0.7777777777777778,0.022479423868312757,False,True,True,0.935,0.36,Vadodara,Gujarat,True,True,True,3,1,455.41,0.755,0.0091,0,0,Business Account,0
igdemo_000043,virajkibe915,psych major who overthinks everything into indie films and bad puns Currently 56 cups of coffee deep today.,342,160,9,868,25.77777777777778,2.6666666666666665,0.3333333333333333,0.08414554905782977,False,False,False,0.81,3.04,Coimbatore,Tamil Nadu,True,True,False,2,4,218.84,0.933,0.0484,0,1,Student,0
igdemo_000044,liam60.glow,"10k+ engaged followers, ask for my rate card Turning passion into a career Shop my looks — link in bio Shot this in Coimbatore. 💅📸",79514,177,5,638,209.0,11.8,1.2,0.0027919611640717357,False,True,False,0.48,8.35,Nagpur,Maharashtra,False,False,False,2,2,2.48,0.345,0.2802,12,6,Fake Influencer,1
igdemo_000045,viraj33932,always shipping something small side-project addict Pairing with Urvashi made this so much faster.,592,242,12,1662,11.0,0.8333333333333334,0.0,0.01998873873873874,False,False,False,0.604,3.89,Coimbatore,Tamil Nadu,True,True,False,3,4,294.96,0.848,0.0056,1,0,Developer,0
igdemo_000046,gunbirluthraxo,"pre-med and perpetually tired weekend hiker, weekday procrastinator Junior at Bhubaneswar University Number 75 on my to-do list: sleep. 🐾🙌",582,419,10,1232,45.3,6.3,1.4,0.09106529209621991,False,False,False,0.488,0.38,Kanpur,Uttar Pradesh,True,True,False,2,4,232.93,0.551,0.0346,1,1,Fake Influencer,1
igdemo_000047,top_drajagopal98608,"Tap the link before it's gone DM me 'INFO' now Since 2021, thousands have joined. 📩💰",327,376,6,347,1.6666666666666667,0.0,0.0,0.0050968399592252805,False,True,False,0.119,0.22,Delhi,Delhi,True,True,False,2,1,2.44,0.256,0.0601,10,4,Spam Account,1
igdemo_000048,balvan42.official,"Free workout guide in bio 5am workouts, no excuses Shoutout to Lohit for showing up every day.",31764,1395,12,1193,1359.4166666666667,201.33333333333334,49.666666666666664,0.05069942912311632,False,True,False,0.93,7.47,Kochi,Kerala,True,True,False,3,1,366.6,0.594,0.0113,2,1,Fitness Creator,0
igdemo_000049,gangaduttaglow,Business inquiries only Partner with the biggest brands Vidhi styled this look.,21723,219,10,67,82.9,3.8,1.7,0.004069419509275883,False,False,False,0.453,1.32,Delhi,Delhi,False,False,False,2,2,2.4,0.089,0.3681,2,5,Fake Influencer,1
igdemo_000050,bajwa_plc,"Serving Nagpur since 2024 DM us for inquiries Tagging Nitesh, one of our first customers back in 2016.",5034,643,12,2581,104.08333333333333,10.5,4.083333333333333,0.023573036683882928,False,True,True,0.782,5.6,Dehradun,Uttarakhand,True,True,False,3,2,270.44,0.906,0.055,2,0,Business Account,0
igdemo_000051,mahika59_fanpage,"Official page, all others are fake Direct message me here for business Project number 25 coming together nicely. 🎬",9237,12584,3,64,86.33333333333333,3.6666666666666665,1.3333333333333333,0.00988777019955974,False,False,True,0.556,0.7,Thiruvananthapuram,Kerala,False,False,False,1,1,3.65,0.276,0.0986,2,0,Celebrity Impersonator,1
igdemo_000052,rchaudhry,"CS major, coffee minor weekend hiker, weekday procrastinator just trying to pass exams Ran into Liam at the library again. 📚🌟",692,362,12,2704,63.0,10.333333333333334,1.8333333333333333,0.10862235067437379,False,False,True,0.827,5.48,Kochi,Kerala,True,True,False,2,3,165.74,0.809,0.054,2,1,Student,0
igdemo_000053,best_chanakya1813678,collects vinyl I can't afford trying to survive finals week Currently 92 days away from break. ☕,344,370,6,110,2.5,0.0,0.0,0.007267441860465116,False,True,False,0.323,0.18,Ranchi,Jharkhand,False,False,False,2,1,2.74,0.264,0.4655,4,4,Spam Account,1
igdemo_000054,aryabhargava_vip,Full-time content creator Manager: link below As seen on your explore page Can't believe it's already 2022.,28874,521,12,308,52.666666666666664,4.5,0.8333333333333334,0.002008727574980952,False,True,False,0.64,1.24,Patna,Bihar,False,False,False,2,1,3.18,0.062,0.3955,4,0,Fake Influencer,1
igdemo_000055,venkataramanbachittar155,always shipping something small Software engineer @ Khanna Digital Marketing ☕,1548,97,12,415,123.58333333333333,20.666666666666668,1.6666666666666667,0.09426141257536606,False,False,False,0.512,3.19,Jaipur,Rajasthan,True,True,True,3,2,95.35,0.563,0.0196,0,1,Developer,0
igdemo_000056,official_lekha0220837,"Click the link and thank me later Check my story for proof Free crypto signals daily This worked for Maanas too, ask them. 💰🎁",237,306,10,187,1.9,0.0,0.0,0.008016877637130802,False,False,False,0.196,0.13,Kochi,Kerala,False,False,False,1,1,0.02,0.139,0.4217,11,1,Spam Account,1
igdemo_000057,shegde.official,"Thank you for 46 years of support DM me, I promise it's me Since 2023, the journey continues. 🙌",10158,11768,9,310,306.55555555555554,12.222222222222221,8.777777777777779,0.03224606768611494,False,False,False,0.517,0.4,Mysuru,Karnataka,True,False,False,1,1,0.6,0.18,0.5461,8,2,Celebrity Impersonator,1
igdemo_000058,jackbora1,"My verified account got hacked, this is the new one Follow this account only Thank you Reyansh for the constant support.",10407,14125,10,6,112.1,13.9,0.4,0.012145671182857693,False,False,False,0.624,0.25,Mumbai,Maharashtra,False,True,False,2,2,1.56,0.349,0.3418,0,6,Celebrity Impersonator,1
igdemo_000059,hamsinichahal_official,"Thank you for 39 years of support Follow this account only Since 2015, still going strong. 🌟☕",11529,14128,14,26,32.357142857142854,1.2857142857142858,0.42857142857142855,0.0029552804728448755,False,False,False,0.647,0.1,Guwahati,Assam,False,False,False,2,2,3.96,0.101,0.5576,5,4,Celebrity Impersonator,1
igdemo_000060,anmolsampath547,occasional open-source contributor Building things at Iyer Software Systems mechanical keyboard collector PR number 37 finally merged. 🔧,933,386,12,1097,57.333333333333336,5.0,1.4166666666666667,0.06832797427652733,True,True,False,0.758,1.14,Thiruvananthapuram,Kerala,True,True,False,1,3,72.67,0.87,0.0173,1,0,Developer,0
igdemo_000061,balasubramanianudant.official,Free workout guide in bio Marathoner turned strength coach mobility nerd Coaching 60 clients this cycle. 💪,12569,1670,6,2039,1452.1666666666667,104.16666666666667,26.666666666666668,0.12594478478797042,False,False,False,0.948,3.19,Mysuru,Karnataka,True,True,False,3,2,521.85,0.601,0.0122,0,0,Fitness Creator,0
igdemo_000062,chandranindira.co,"believer in progressive overload DM 'START' for coaching info Online coach @ Nair Consulting Group Week 69 of the plan, feeling stronger.",6683,719,16,2514,304.125,26.1875,18.25,0.052156591351189587,False,True,True,0.892,9.46,Hyderabad,Telangana,True,False,False,1,4,31.51,0.745,0.0004,0,0,Fitness Creator,0
igdemo_000063,misra_inc,"Small business, big heart Thank you for supporting small business Serving Nagpur since 2023.",301,332,12,86,1.0833333333333333,0.0,0.0,0.003599114064230343,False,False,False,0.379,9.09,Chennai,Tamil Nadu,False,False,False,2,1,0.75,0.313,0.2084,11,6,Business Account,0
igdemo_000064,merchanthiralco,"DM me, I promise it's me Not a bot, it's really me Message number 32 today, reading every one. 💪",7199,788,9,314,506.0,37.55555555555556,29.11111111111111,0.079548085382229,False,False,False,0.863,3.04,Coimbatore,Tamil Nadu,True,True,False,2,3,139.25,0.863,0.032,0,1,Fitness Creator,0
igdemo_000065,dugal_group,Booking now for 2020 Local favorite in Kolkata Batch number 27 restocked today. ✅,3073,359,10,2556,70.7,5.0,3.6,0.025805401887406442,False,False,True,0.806,8.13,Thiruvananthapuram,Kerala,True,False,False,3,2,706.47,0.774,0.0121,0,1,Business Account,0
igdemo_000066,rajwyatt959,"Ranchi University '27 CS major, coffee minor living on home-cooked dal and hope Campus tour 11 for prospective students today.",548,371,10,907,26.0,3.4,0.9,0.055291970802919706,False,False,False,0.678,7.52,Kanpur,Uttar Pradesh,True,True,False,2,2,89.95,0.661,0.0309,2,1,Student,0
igdemo_000067,free_onveer0240390,Turn $10 into $1000 Link in bio NOW ✅,4905,193,10,3955,94.3,16.9,2.9,0.023261977573904177,True,False,False,0.806,0.36,Surat,Gujarat,True,False,False,2,2,672.46,0.595,0.0272,2,1,Spam Account,1
igdemo_000068,dharadvika.official,macro-friendly recipes on the blog Booking 1:1 sessions Logged 57 miles this week.,14202,3500,14,3091,1403.4285714285713,157.07142857142858,46.857142857142854,0.11317822439495444,False,False,True,0.738,5.14,Coimbatore,Tamil Nadu,False,True,False,3,4,338.33,0.61,0.0116,2,0,Fitness Creator,0
igdemo_000069,shop_janya7360782,"Comment 'ME' below MAKE $500/DAY FROM HOME Get verified fast, DM now Already helped 37 people this 2015. ✅👉",280,293,8,30,4.375,0.25,0.0,0.016517857142857143,False,False,False,0.16,8.4,Chennai,Tamil Nadu,False,False,False,2,1,1.62,0.319,0.3975,11,4,Spam Account,1
igdemo_000070,mramanathan_real,THIS IS MY ONLY REAL ACCOUNT I reply to my real fans personally Project number 29 coming together nicely.,181,175,8,2872,13.625,2.0,0.375,0.08839779005524862,False,False,False,0.636,0.23,Bhubaneswar,Odisha,True,True,False,3,4,69.42,0.938,0.0571,2,0,Celebrity Impersonator,1
igdemo_000071,oeshiminhas_life,"As seen on your explore page Email in bio for collabs Advay | lifestyle & beauty Trip number 96 this year, no complaints. 📸🌴",65148,93,5,871,699.8,64.0,1.4,0.01174556394670596,False,True,False,0.596,1.01,Dehradun,Uttarakhand,True,False,False,2,1,1.62,0.329,0.1807,11,2,Fake Influencer,1
igdemo_000072,krishnalall1,"Thank you for 78 years of support My verified account got hacked, this is the new one Message number 74 today, reading every one. 💪",10103,9312,6,38,207.83333333333334,9.5,5.5,0.02205615493747732,False,False,False,0.738,5.34,Ahmedabad,Gujarat,True,False,False,1,1,2.62,0.171,0.557,7,5,Celebrity Impersonator,1
igdemo_000073,narayanan_plc,"Everyone is doing this, why aren't you? Turn $10 into $1000 Only 70 spots left today.",2171,413,12,2418,91.33333333333333,5.666666666666667,1.75,0.04548595117457393,False,True,True,0.737,0.6,Chennai,Tamil Nadu,True,True,False,2,1,112.45,0.854,0.0035,1,1,Business Account,0
igdemo_000074,zashilsarna_world,"Manager: link below 10k+ engaged followers, ask for my rate card Full-time content creator Trip number 4 this year, no complaints.",42507,119,7,623,144.85714285714286,10.571428571428571,4.571428571428571,0.0037640859152610166,False,True,False,0.608,0.2,Patna,Bihar,False,False,False,2,1,0.09,0.197,0.2535,7,1,Fake Influencer,1
igdemo_000075,michaelpalan352,already counting days to Holi break Junior at Lucknow University plays intramural soccer badly Group chat with Bakhshi is unhinged today. 📚🎉,1514,691,18,1350,112.11111111111111,15.444444444444445,2.0,0.08557170115954792,False,False,True,0.85,7.65,Coimbatore,Tamil Nadu,True,True,False,1,4,506.81,0.926,0.0495,1,0,Student,0
igdemo_000076,shuklavedika,"amateur baker, professional snacker Full-time student, part-time dreamer Officially 90 credits away from graduating.",181,179,7,1805,8.714285714285714,1.0,0.14285714285714285,0.054459352801894234,False,False,True,0.77,5.59,Mysuru,Karnataka,True,True,False,2,2,133.89,0.771,-0.0131,0,1,Student,0
igdemo_000077,kumer_lata_and_master,DM us for inquiries Local favorite in Ranchi Shoutout to our 47th customer this week.,722,200,9,3402,34.22222222222222,4.111111111111111,0.3333333333333333,0.053554939981532775,False,True,True,0.761,7.79,Vadodara,Gujarat,True,True,True,3,2,174.1,0.556,-0.0099,2,0,Business Account,0
igdemo_000078,dixithritik,"Coimbatore University '27 can't wait for Sunday gully cricket amateur baker, professional snacker 💪😊",162,264,9,2201,8.222222222222221,1.0,0.1111111111111111,0.05761316872427983,False,False,False,0.622,1.25,Delhi,Delhi,True,True,True,2,2,185.82,0.744,-0.0176,2,0,Student,0
igdemo_000079,get_vasana5862277,Win a free iPhone today Follow for a shoutout!!,159,137,7,85,1.8571428571428572,0.0,0.0,0.011680143755615454,False,False,False,0.152,0.4,Bengaluru,Karnataka,False,False,False,1,1,1.32,0.291,0.0553,9,5,Spam Account,1
igdemo_000080,nitesh47_hq,recovering cardio-phobe turned lifter DM 'START' for coaching info Online coach @ Joshi Manufacturing Co. Coaching 89 clients this cycle.,6393,6322,11,226,105.81818181818181,8.090909090909092,4.090909090909091,0.01845768809635539,False,False,False,0.615,2.59,Pune,Maharashtra,False,False,False,1,2,2.46,0.212,0.4675,11,6,Celebrity Impersonator,1
igdemo_000081,malhotrayug_xo,"macro-friendly recipes on the blog Free workout guide in bio Helping you build strength, not just muscle Coaching 38 clients this cycle. 🏋️🧘",27008,703,10,1940,2991.8,220.5,149.9,0.1244890402843602,False,True,True,0.723,9.45,Delhi,Delhi,False,True,True,3,1,570.56,0.736,0.0164,1,0,Fitness Creator,0
igdemo_000082,best_kalitasanya36368,Check my story for proof Turn $10 into $1000 Slot 61 almost gone. 🔥,234,322,5,24,1.6,0.0,0.0,0.006837606837606838,False,False,False,0.257,0.41,Mysuru,Karnataka,False,True,False,2,2,1.79,0.183,0.2661,1,6,Spam Account,1
igdemo_000083,indrajit72,React/TypeScript enjoyer mechanical keyboard collector Building things at Nair Consulting Group Standup update: 6 things fixed today.,1043,260,12,1370,67.16666666666667,10.916666666666666,1.9166666666666667,0.07670182166826464,False,False,False,0.568,3.81,Thiruvananthapuram,Kerala,True,True,False,1,4,471.78,0.572,0.0171,0,0,Developer,0
igdemo_000084,rachit08_glow,Email in bio for collabs Business inquiries only Outfit number 77 of the week.,35003,202,11,134,371.72727272727275,19.727272727272727,7.181818181818182,0.01138863422096288,True,False,False,0.696,1.71,Guwahati,Assam,False,True,False,2,2,3.77,0.277,0.4629,2,3,Fake Influencer,1
igdemo_000085,uramesh,collects vinyl I can't afford just trying to pass exams Yatan | student Number 88 on my to-do list: sleep.,731,298,9,467,37.333333333333336,6.444444444444445,0.8888888888888888,0.061103511171910624,False,False,False,0.573,6.61,Ahmedabad,Gujarat,True,True,False,1,1,208.79,0.777,0.0188,2,0,Student,0
igdemo_000086,shroffvyanjana,views != my employer's debugging in production (don't tell my manager) Sprint 20 wrapped up today. 🚀,1124,454,3,965,83.66666666666667,5.333333333333333,0.6666666666666666,0.07977461447212338,False,False,True,0.607,0.38,Guwahati,Assam,True,True,False,2,4,251.82,0.825,-0.0067,1,0,Developer,0
igdemo_000087,qbuch_vip,Free crypto signals daily Click the link and thank me later Tap the link before it's gone Slot 97 almost gone. 💰,9679,1057,7,2930,656.4285714285714,34.714285714285715,26.714285714285715,0.07416645757383436,False,False,False,0.901,2.25,Jaipur,Rajasthan,True,True,True,2,3,676.32,0.863,0.0034,0,0,Fitness Creator,0
igdemo_000088,plad,Living my best life ✈️ Shop my looks — link in bio Filming this in Jaipur today.,1573,187,11,2703,57.18181818181818,3.6363636363636362,1.6363636363636365,0.03970409755533722,False,False,False,0.592,3.61,Ahmedabad,Gujarat,True,True,False,2,1,683.37,0.843,0.0213,2,1,Developer,0
igdemo_000089,hemangini70_world,Qarin — mobile engineer opinions are my own PR number 66 finally merged. ⚙️,34176,396,5,625,333.2,37.8,3.6,0.010960908239700376,False,False,False,0.401,1.83,Surat,Gujarat,False,False,False,2,1,1.59,0.192,0.466,0,4,Fake Influencer,1
igdemo_000090,kibe-kadakia,"Bose Healthcare Pvt Ltd — official account Made in India, made with love Booking now for 2018 Serving Chennai since 2017. 💼🌍",5744,424,14,1770,251.07142857142858,31.0,3.357142857142857,0.04969160366096299,False,True,True,0.86,5.44,Chennai,Tamil Nadu,True,True,False,3,1,345.95,0.628,0.0474,1,0,Business Account,0
igdemo_000091,shop_madangeorge25754,Exclusive deal for my first 100 fans Comment 'ME' below MAKE $500/DAY FROM HOME Spot number 18 just opened up. 🎁🔥,387,317,6,24,2.0,0.0,0.0,0.00516795865633075,False,False,False,0.158,3.26,Bengaluru,Karnataka,False,False,False,2,1,1.77,0.299,0.5614,10,2,Spam Account,1
igdemo_000092,jainqarin_hq,"I reply to my real fans personally Not a bot, it's really me Project number 38 coming together nicely. 😊",9177,12600,14,393,157.78571428571428,13.5,2.142857142857143,0.01889817711981818,False,False,False,0.823,0.27,Udaipur,Rajasthan,False,False,False,2,2,0.85,0.265,0.3206,7,6,Celebrity Impersonator,1
igdemo_000093,best_sankarlila601,Check my story for proof MAKE $500/DAY FROM HOME Win a free iPhone today Spot number 80 just opened up. 💰👉,106,142,13,309,0.7692307692307693,0.0,0.0,0.00725689404934688,False,True,False,0.294,0.01,Indore,Madhya Pradesh,False,False,False,1,1,1.98,0.264,0.302,6,2,Spam Account,1
igdemo_000094,murtykritika_official,"Online coach @ Iyer Software Systems believer in progressive overload Week 57 of the plan, feeling stronger. 🧘",54007,160,15,352,539.0,31.6,4.2,0.010643064787897866,False,False,False,0.532,0.59,Udaipur,Rajasthan,False,False,False,1,1,1.19,0.19,0.3539,11,0,Fake Influencer,1
igdemo_000095,chaudhary_datta_and_pall,"Direct message me here for business THIS IS MY ONLY REAL ACCOUNT Since 2018, still going strong.",1553,236,16,507,30.8125,3.0625,0.375,0.022054088860270445,False,True,False,0.861,0.43,Kanpur,Uttar Pradesh,True,True,True,2,4,125.14,0.711,0.0326,0,1,Business Account,0
igdemo_000096,eesha31_verified,"Thank you for 34 years of support THIS IS MY ONLY REAL ACCOUNT Since 2018, still going strong.",7704,7781,7,317,188.85714285714286,9.0,3.5714285714285716,0.026145972407654653,False,False,False,0.673,0.22,Gurugram,Haryana,False,False,False,2,2,3.43,0.077,0.239,9,4,Celebrity Impersonator,1
igdemo_000097,hritik00world,"DM 'START' for coaching info Helping you build strength, not just muscle swapped fried snacks for home-cooked chai Training out of Surat this week. 🏋️💪",21859,406,13,2663,1707.1538461538462,182.84615384615384,39.53846153846154,0.08827203721755164,False,True,False,0.916,2.71,Lucknow,Uttar Pradesh,True,True,False,3,4,183.28,0.734,-0.0117,0,0,Fitness Creator,0
igdemo_000098,kalita_tandon_and_gera,"Family-owned, Jaipur-based Woman-owned & operated 🌍",7465,428,16,1053,277.5625,33.0,6.8125,0.042515070328198255,True,False,True,0.903,9.49,Thiruvananthapuram,Kerala,True,False,False,2,1,385.2,0.779,0.031,2,0,Business Account,0
igdemo_000099,fben.vip,"Shop my looks — link in bio Business inquiries only Tagging Yatin, my glam team today.",32546,154,15,454,76.13333333333334,3.533333333333333,2.2,0.0025154140805833795,False,True,False,0.546,0.46,Kanpur,Uttar Pradesh,False,False,False,1,1,1.0,0.332,0.5803,12,4,Fake Influencer,1
igdemo_000100,nandabhanumati.vip,recovering cardio-phobe turned lifter DM 'START' for coaching info 27 minutes of mobility work this morning. ⚡,450,569,9,67,1.6666666666666667,0.0,0.0,0.003703703703703704,False,False,False,0.365,13.78,Kochi,Kerala,False,False,False,1,2,3.73,0.237,0.306,11,6,Fitness Creator,0
igdemo_000101,amairaswaminathanlife,Booking 1:1 sessions believer in progressive overload Client hit a 4 pound PR today.,6441,819,9,3579,612.7777777777778,57.44444444444444,44.0,0.11088685331815282,False,True,True,0.692,9.25,Mumbai,Maharashtra,True,True,False,2,1,424.58,0.589,0.0597,2,0,Fitness Creator,0
igdemo_000102,promo_prakashbalendra58907,Check my story for proof DM me 'INFO' now Already 26 success stories this month. 💯📩,212,281,9,340,1.5555555555555556,0.0,0.0,0.007337526205450734,False,False,False,0.212,0.27,Hyderabad,Telangana,False,False,False,2,1,1.65,0.204,0.1057,5,0,Spam Account,1
igdemo_000103,gara-ganguly,Custom orders welcome Thank you for supporting small business Handmade goods from Lucknow Batch number 46 restocked today. ✅,7132,422,11,1489,252.72727272727272,13.727272727272727,8.272727272727273,0.03852036914291541,False,True,True,0.737,2.77,Udaipur,Rajasthan,True,False,False,1,2,462.86,0.701,0.0212,1,1,Business Account,0
igdemo_000104,loyalekbal.official,"New project coming soon Not a bot, it's really me 77 years of your support means everything.",7588,8682,13,184,51.61538461538461,4.461538461538462,0.8461538461538461,0.0075017233688820404,False,False,False,0.71,0.98,Chennai,Tamil Nadu,True,False,False,1,1,2.85,0.12,0.4833,9,2,Celebrity Impersonator,1
igdemo_000105,ishanvi90985,coffee-powered Building things at Desai Design Studio Currently debugging from Noida.,819,223,14,779,23.142857142857142,3.357142857142857,0.6428571428571429,0.033141461712890286,False,True,False,0.881,1.0,Pune,Maharashtra,True,True,True,2,2,31.4,0.94,0.0073,2,1,Developer,0
igdemo_000106,tchhabra.world,"Shop my looks — link in bio Yashawini | lifestyle & beauty 10k+ engaged followers, ask for my rate card Since 2025, this has been the dream. 😍🌴",73438,420,9,765,472.77777777777777,44.55555555555556,6.111111111111111,0.00712770560805638,False,True,False,0.426,1.81,Mumbai,Maharashtra,True,False,False,1,2,0.1,0.302,0.2707,12,0,Fake Influencer,1
igdemo_000107,official_kbala49684,DM for details Guaranteed followers overnight ✅,162,225,15,136,1.7333333333333334,0.0,0.0,0.010699588477366255,False,True,False,0.251,0.45,Surat,Gujarat,True,False,False,1,2,3.87,0.307,0.325,5,2,Spam Account,1
igdemo_000108,badal_ltd,Serving Jaipur since 2019 DM us for inquiries Woman-owned & operated Shoutout to our 86th customer this week.,2106,303,10,3196,87.5,5.7,3.5,0.04591642924976259,False,True,True,0.728,0.76,Pune,Maharashtra,True,True,True,1,1,357.37,0.788,0.0425,2,0,Business Account,0
igdemo_000109,chaayabedi_fanpage,"DM me, I promise it's me I reply to my real fans personally Since 2019, still going strong.",15342,16050,5,243,344.6,24.2,7.0,0.024494850736540216,False,False,False,0.832,0.29,Pune,Maharashtra,False,False,False,2,2,1.43,0.24,0.4894,2,3,Celebrity Impersonator,1
igdemo_000110,gbalay,into distributed systems opinions are my own Working remotely from Patna this month. 🚀,450,256,6,1793,9.0,0.8333333333333334,0.3333333333333333,0.022592592592592595,False,False,False,0.671,1.41,Gurugram,Haryana,False,True,False,1,3,340.0,0.935,0.0028,0,0,Developer,0
igdemo_000111,zilmilthakur_life,"believer in progressive overload Amara — movement is medicine Free workout guide in bio Session number 74 with this client, big progress. 🏃🧘",9259,1242,12,302,724.1666666666666,126.0,23.583333333333332,0.09436764229398423,False,True,True,0.652,10.4,Ranchi,Jharkhand,True,True,True,1,3,554.17,0.791,0.0116,2,0,Fitness Creator,0
igdemo_000112,yahvigaba1,"Ignore the other fake pages My verified account got hacked, this is the new one Working on something big for 2023. 🎬",3092,3112,11,164,27.454545454545453,1.9090909090909092,1.2727272727272727,0.009908267670234035,False,True,False,0.509,0.62,Surat,Gujarat,False,True,False,2,2,1.67,0.064,0.1697,10,2,Celebrity Impersonator,1
igdemo_000113,turvi46,collects vinyl I can't afford trying to survive finals week living on filter coffee and hope Ran into Upadhriti at the library again.,413,521,17,353,0.7647058823529411,0.0,0.0,0.0018515880928642642,False,True,False,0.132,6.09,Bhubaneswar,Odisha,True,False,False,1,1,3.02,0.082,0.5468,5,4,Student,0
igdemo_000114,shandipta_official,"Official page, all others are fake Direct message me here for business 📚",19670,23177,17,219,686.6470588235294,71.76470588235294,17.0,0.03942103531804181,False,False,True,0.564,0.08,Pune,Maharashtra,False,False,False,2,2,3.53,0.346,0.0901,9,3,Celebrity Impersonator,1
igdemo_000115,hegdejagvi205,"pre-med and perpetually tired here for the memes and the free food Full-time student, part-time dreamer Campus tour 11 for prospective students today. 💪🙌",950,1225,11,240,5.818181818181818,0.0,0.0,0.006124401913875598,False,True,False,0.266,4.41,Vadodara,Gujarat,False,True,False,1,2,2.76,0.196,0.1966,9,4,Student,0
igdemo_000116,oravel885,"pre-med and perpetually tired weekend hiker, weekday procrastinator Grad student @ Bhubaneswar University Somewhere in Coimbatore, probably procrastinating. 🌟",1053,331,7,341,52.0,9.714285714285714,2.7142857142857144,0.06118572785239452,False,False,False,0.701,6.75,Gurugram,Haryana,True,True,False,1,2,163.98,0.905,0.0529,1,1,Student,0
igdemo_000117,ethanchad_official,mobility nerd DM 'START' for coaching info 66 minutes of mobility work this morning.,2640,2569,5,221,75.0,8.0,1.8,0.03212121212121212,False,False,True,0.847,0.43,Bhubaneswar,Odisha,False,False,False,2,1,2.04,0.265,0.0656,0,3,Fitness Creator,0
igdemo_000118,ekaul,Vaishnavi — mobile engineer opinions are my own Deploy number 80 of the week.,419,229,11,2805,10.181818181818182,1.1818181818181819,0.09090909090909091,0.027337817313950966,False,True,True,0.753,3.79,Pune,Maharashtra,True,False,False,1,3,577.94,0.877,0.0221,0,0,Developer,0
igdemo_000119,peterkrishnamurthy,"Official page, all others are fake I reply to my real fans personally Working on something big for 2016.",1764,418,6,1254,49.5,10.333333333333334,1.3333333333333333,0.034674981103552535,False,False,True,0.722,2.53,Amritsar,Punjab,True,True,True,3,3,659.41,0.606,0.0462,1,1,Developer,0
igdemo_000120,magar-wason,"Quality you can trust Community first, always Handmade goods from Noida Customer number 4 just left a five-star review. 🌍📈",147,155,13,173,0.6153846153846154,0.0,0.0,0.004186289900575615,False,False,False,0.37,4.09,Jaipur,Rajasthan,False,False,True,2,1,3.21,0.306,0.3019,10,6,Business Account,0
igdemo_000121,anirudh76life,Email in bio for collabs Turning passion into a career Collab requests welcome Onveer styled this look.,5823,95,9,3567,229.77777777777777,17.0,13.222222222222221,0.044650523784990556,False,True,True,0.81,1.23,Chennai,Tamil Nadu,True,True,False,2,3,115.08,0.853,0.022,0,0,Fake Influencer,1
igdemo_000122,hsaini,side-project addict Python & Go by day ⚙️🚀,1858,312,6,2107,61.166666666666664,6.833333333333333,1.1666666666666667,0.037226408324363115,False,False,False,0.681,0.49,Mumbai,Maharashtra,True,True,True,1,4,477.6,0.639,0.0432,2,1,Developer,0
igdemo_000123,promo_omurty38935,"Tap the link before it's gone Get verified fast, DM now Click the link and thank me later Message number 69 today, still going. 🔥",115,149,9,255,0.4444444444444444,0.0,0.0,0.003864734299516908,False,False,False,0.399,0.19,Guwahati,Assam,False,False,True,2,2,3.02,0.255,0.0721,10,2,Spam Account,1
igdemo_000124,top_upadhyayzansi37772,Free crypto signals daily Link in bio NOW Spot number 39 just opened up.,98,134,13,259,0.9230769230769231,0.0,0.0,0.009419152276295134,False,False,False,0.124,0.38,Kanpur,Uttar Pradesh,False,False,False,1,1,0.02,0.163,0.0862,0,3,Spam Account,1
igdemo_000125,mason14.official,"Thank you for 90 years of support Beware of fake accounts impersonating me Since 2020, still going strong.",6977,6828,5,491,17.2,1.6,0.4,0.0027518990970331085,False,False,True,0.814,0.49,Delhi,Delhi,True,False,False,1,2,1.48,0.233,0.529,9,3,Celebrity Impersonator,1
igdemo_000126,ishitanatt.co,"10k+ engaged followers, ask for my rate card Shop my looks — link in bio Full-time content creator Tagging Kritika, my glam team today. 💖",83261,292,8,554,369.375,29.875,7.125,0.004880736479264001,False,False,True,0.445,0.97,Pune,Maharashtra,True,False,False,1,1,3.13,0.267,0.3657,1,1,Fake Influencer,1
igdemo_000127,bhatnagar_and_sons,"Family-owned, Mumbai-based Quality you can trust Batch number 22 restocked today.",2679,264,10,3446,124.6,8.3,6.0,0.05184770436730123,False,False,True,0.802,9.73,Noida,Uttar Pradesh,True,True,False,3,2,706.41,0.762,0.0167,0,1,Business Account,0
igdemo_000128,mangat-mahal,"Family-owned, Bhubaneswar-based Proudly independent DM us for inquiries Shoutout to our 91th customer this week.",5609,172,11,3344,196.27272727272728,15.454545454545455,9.909090909090908,0.03951441676526362,False,True,True,0.678,5.89,Dehradun,Uttarakhand,False,True,False,2,2,174.02,0.873,-0.0066,1,0,Business Account,0
igdemo_000129,free_tanejajagdish12211,"Guaranteed followers overnight MAKE $500/DAY FROM HOME Tap the link before it's gone Fariq just signed up, you're next.",416,403,8,200,4.375,0.0,0.0,0.010516826923076924,False,True,False,0.393,0.26,Kanpur,Uttar Pradesh,False,False,False,2,2,2.91,0.209,0.0784,12,2,Spam Account,1
igdemo_000130,upkaarpuri.official,Partner with the biggest brands Shop my looks — link in bio Gauri | lifestyle & beauty Aryan styled this look. 💅🌴,119331,291,12,433,593.75,49.833333333333336,5.666666666666667,0.005440748841457794,False,True,False,0.498,3.13,Hyderabad,Telangana,False,False,False,1,2,2.15,0.249,0.1711,2,0,Fake Influencer,1
igdemo_000131,jpai290,collects vinyl I can't afford living on street food and hope Ran into Mitali at the library again.,799,636,3,698,45.0,14.333333333333334,1.0,0.0755110554860242,False,False,True,0.563,4.83,Surat,Gujarat,True,False,False,1,1,480.09,0.889,0.0252,2,1,Student,0
igdemo_000132,brahmbhattyash_real,"Official page, all others are fake Direct message me here for business Project number 75 coming together nicely.",15902,18425,13,121,71.07692307692308,6.846153846153846,0.15384615384615385,0.004909880711666651,False,False,False,0.646,0.66,Ahmedabad,Gujarat,False,False,False,1,2,3.16,0.205,0.0607,6,6,Celebrity Impersonator,1
igdemo_000133,rishitata.official,"New project coming soon Official page, all others are fake Since 2020, the journey continues.",5226,5856,10,35,76.0,10.8,1.8,0.016953693073096056,False,False,True,0.864,0.16,Kolkata,West Bengal,True,False,False,2,1,0.06,0.3,0.1566,8,2,Celebrity Impersonator,1
igdemo_000134,get_riacontractor72768,"MAKE $500/DAY FROM HOME Link in bio NOW Get verified fast, DM now Already 60 success stories this month. 🔥✅",296,399,18,6,3.4444444444444446,0.0,0.0,0.011636636636636638,False,False,False,0.344,2.28,Gurugram,Haryana,True,False,False,2,1,1.98,0.123,0.1652,3,0,Spam Account,1
igdemo_000135,ekanideshpandeco,React/TypeScript enjoyer board games on weekends always shipping something small Still can't believe it's 2024 and this bug exists.,61024,407,10,315,533.4,45.5,8.0,0.00961752753015207,False,True,False,0.514,0.64,Thiruvananthapuram,Kerala,False,False,False,2,1,1.38,0.093,0.2955,4,2,Fake Influencer,1
igdemo_000136,chakrika50_life,Xalak — movement is medicine form check requests welcome Programs linked below Training out of Amritsar this week.,7968,535,4,2601,369.5,36.5,22.25,0.05374623493975904,False,True,False,0.872,0.56,Bengaluru,Karnataka,True,False,True,3,4,254.32,0.709,0.0364,1,1,Fitness Creator,0
igdemo_000137,best_leela8675343,"Small business, big heart Made in India, made with love DM us for inquiries Batch number 38 restocked today. 📈",819,981,16,267,4.1875,0.0625,0.0,0.005189255189255189,False,False,False,0.154,0.21,Guwahati,Assam,False,False,False,1,2,2.45,0.28,0.5132,8,4,Spam Account,1
igdemo_000138,siyachand,"Turning passion into a career As seen on your explore page Email in bio for collabs Tagging Warinder, my glam team today. 📸",846,514,13,839,29.46153846153846,4.153846153846154,1.0769230769230769,0.04100745590107292,False,False,False,0.829,1.89,Mumbai,Maharashtra,True,True,False,3,4,473.25,0.586,0.0541,1,1,Student,0
igdemo_000139,ekbalravel,"Collab requests welcome Brand deals only, please So many of you asked for this, here it is.",659,275,8,701,55.375,4.5,0.625,0.09180576631259484,False,False,False,0.636,7.94,Chennai,Tamil Nadu,True,True,False,3,1,496.51,0.772,-0.0158,2,1,Student,0
igdemo_000140,randhawayashoda_vip,"Shop my looks — link in bio Brand deals only, please Filming this in Guwahati today. 💖💅",67014,651,11,76,204.1818181818182,13.818181818181818,2.3636363636363638,0.0032883223858244004,True,False,True,0.549,1.39,Bhubaneswar,Odisha,False,False,True,1,1,3.86,0.225,0.1797,3,3,Fake Influencer,1
igdemo_000141,waligarima,board games on weekends opinions are my own cloud infra tinkerer Working remotely from Hyderabad this month.,1330,138,12,2543,29.833333333333332,2.6666666666666665,0.3333333333333333,0.02468671679197995,False,True,True,0.568,0.66,Bhopal,Madhya Pradesh,True,True,False,3,3,694.77,0.867,-0.0102,0,1,Developer,0
igdemo_000142,indalisachdev_vip,"Turning passion into a career Collab requests welcome Shop my looks — link in bio Since 2016, this has been the dream. 🌴💖",25287,335,7,955,2524.285714285714,234.42857142857142,69.42857142857143,0.11184177075741912,False,False,True,0.784,1.94,Jaipur,Rajasthan,True,False,False,2,1,276.08,0.561,0.0299,0,0,Fake Influencer,1
igdemo_000143,soodchristopher,"Building things at Agarwal Global Traders views != my employer's This is bug ticket number 69, send help. ☕",431,558,8,123,1.0,0.0,0.0,0.002320185614849188,False,True,False,0.19,0.54,Guwahati,Assam,False,False,False,2,1,0.44,0.166,0.5544,12,6,Developer,0
igdemo_000144,official_bhavnasodhi88498,Click the link and thank me later Exclusive deal for my first 100 fans Only 8 spots left today. 💯,417,268,11,396,17.0,2.5454545454545454,0.8181818181818182,0.04883366034445171,False,True,False,0.461,6.06,Amritsar,Punjab,True,True,True,2,4,34.45,0.776,0.001,0,1,Spam Account,1
igdemo_000145,rachana93,"psych major who overthinks everything living on chai and hope Full-time student, part-time dreamer Currently 45 days away from break.",595,122,7,2387,39.285714285714285,4.714285714285714,1.2857142857142858,0.07611044417767107,False,False,True,0.674,1.79,Mumbai,Maharashtra,True,True,False,3,4,482.23,0.673,-0.0039,1,1,Student,0
igdemo_000146,andrakamala.glow,"Powerlifter & coach Free workout guide in bio macro-friendly recipes on the blog 74 reps, zero regrets.",12931,1485,11,895,1119.909090909091,86.45454545454545,42.81818181818182,0.0966036515491314,False,False,False,0.699,6.86,Hyderabad,Telangana,True,True,True,3,2,688.33,0.766,-0.0189,0,1,Fitness Creator,0
igdemo_000147,bains_sibal_and_loke,Woman-owned & operated Special Durga Puja offers running now Bhatt Media Networks — official account 🤝,2501,294,11,3360,47.36363636363637,4.454545454545454,2.909090909090909,0.021882156228417722,False,True,True,0.769,3.3,Lucknow,Uttar Pradesh,True,False,False,1,4,320.52,0.569,-0.0138,0,1,Business Account,0
igdemo_000148,sai45,plays intramural soccer badly living on street food and hope trying to survive finals week Fun fact: I've switched majors 12 times.,299,634,9,1572,22.0,4.111111111111111,0.1111111111111111,0.08769973987365291,False,False,False,0.671,0.33,Delhi,Delhi,True,True,False,1,1,510.36,0.911,0.0036,0,0,Student,0
igdemo_000149,indiragolla,board games on weekends views != my employer's into distributed systems Shoutout to Pooja for the code review. 🔧,371,75,9,2037,26.88888888888889,3.0,0.7777777777777778,0.08265947888589398,False,False,False,0.685,2.2,Vadodara,Gujarat,True,True,False,1,2,618.11,0.717,0.0444,2,0,Developer,0
igdemo_000150,iyer-aurora,Proudly independent Free shipping over ₹999 Serving Bhubaneswar since 2019. 📈,4912,290,12,1442,214.0,32.0,3.9166666666666665,0.05087880021715526,False,True,True,0.922,6.44,Hyderabad,Telangana,True,True,False,2,1,318.14,0.809,0.0158,0,0,Business Account,0
igdemo_000151,oeshi66_official,Partner with the biggest brands Shop my looks — link in bio 📸,64858,144,12,48,497.4166666666667,21.833333333333332,32.5,0.008507046162385519,False,False,False,0.597,0.78,Surat,Gujarat,False,False,False,2,2,2.47,0.076,0.2849,7,4,Fake Influencer,1
igdemo_000152,ggala,counting down to graduation psych major who overthinks everything Currently 31 days away from break. 💪🎬,650,404,6,2815,35.5,5.666666666666667,0.3333333333333333,0.06384615384615384,False,False,True,0.484,4.83,Delhi,Delhi,True,True,False,3,1,589.52,0.665,0.0318,0,1,Student,0
igdemo_000153,chakrabortylucky909,side-project addict cloud infra tinkerer always shipping something small Working remotely from Gurugram this month.,668,146,9,646,55.77777777777778,5.666666666666667,0.7777777777777778,0.09314703925482369,False,False,False,0.518,0.46,Thiruvananthapuram,Kerala,True,True,True,3,1,581.21,0.91,0.0545,2,1,Developer,0
igdemo_000154,varenya96.xo,DM 'START' for coaching info macro-friendly recipes on the blog Marathoner turned strength coach Back in Chandigarh for a pop-up class this 2017. ⚡🥗,24343,363,7,2609,1813.7142857142858,123.0,99.42857142857143,0.08364387532937013,False,True,True,0.611,11.05,Mysuru,Karnataka,True,True,False,3,2,707.65,0.879,0.0121,2,1,Fitness Creator,0
igdemo_000155,win_surforum90190,Comment 'ME' below Free crypto signals daily Click the link and thank me later Already helped 17 people this 2016. ✅,234,309,11,364,1.2727272727272727,0.0,0.0,0.005439005439005439,False,True,False,0.208,0.33,Bhubaneswar,Odisha,True,True,False,2,2,1.15,0.198,0.1692,8,2,Spam Account,1
igdemo_000156,basuumangxo,believer in progressive overload Booking 1:1 sessions Back in Pune for a pop-up class this 2020. 💪🏃,22882,221,11,641,167.36363636363637,15.181818181818182,3.6363636363636362,0.008136605986444287,False,True,False,0.551,8.33,Chandigarh,Punjab,False,False,False,1,1,1.72,0.143,0.0512,7,5,Fitness Creator,0
igdemo_000157,ishanisethi,pre-med and perpetually tired can't wait for the India vs Australia test Junior at Amritsar University Number 51 on my to-do list: sleep. 🐾🎉,687,221,6,3081,19.0,1.8333333333333333,0.16666666666666666,0.03056768558951965,False,False,True,0.723,6.39,Mysuru,Karnataka,True,True,False,1,1,451.74,0.598,-0.0014,0,0,Student,0
igdemo_000158,sameshbhandari597,"always shipping something small Backend dev, Lucknow-based into distributed systems Tagging Damyanti, they'll appreciate this one.",1931,111,18,2787,130.83333333333334,17.72222222222222,2.5,0.07822659531618621,False,False,False,0.815,3.9,Coimbatore,Tamil Nadu,True,True,False,1,4,133.82,0.75,0.0285,0,0,Developer,0
igdemo_000159,omisha00_official,As seen on your explore page Business inquiries only Shot this in Gurugram. 👑,34653,217,8,468,55.875,3.75,0.25,0.001727844631056474,False,True,False,0.447,1.09,Udaipur,Rajasthan,False,False,False,2,2,1.1,0.221,0.3365,8,1,Fake Influencer,1
igdemo_000160,ekurian,always shipping something small mechanical keyboard collector Shoutout to Rachit for the code review.,17657,13159,14,436,70.92857142857143,3.142857142857143,2.142857142857143,0.004316377964223011,False,False,False,0.887,0.63,Kochi,Kerala,True,False,False,2,2,0.88,0.199,0.4228,6,5,Developer,0
igdemo_000161,ladaradhanaofficial,"Free workout guide in bio Helping you build strength, not just muscle macro-friendly recipes on the blog 62 minutes of mobility work this morning.",26975,773,11,3321,872.9090909090909,135.9090909090909,53.54545454545455,0.03938326733507456,False,False,True,0.811,12.83,Dehradun,Uttarakhand,True,False,False,1,4,81.73,0.893,0.0187,0,0,Fitness Creator,0
igdemo_000162,hemabava_verified,"Official page, all others are fake New project coming soon Working on something big for 2018. 🙌🎬",3125,311,10,3570,197.5,7.2,4.5,0.06694399999999999,False,False,True,0.865,5.78,Vadodara,Gujarat,True,True,True,2,2,627.03,0.782,0.0486,0,0,Celebrity Impersonator,1
igdemo_000163,thakkar_kaur_and_shroff,"Special Navratri offers running now Made in India, made with love Local favorite in Ranchi Serving Udaipur since 2016.",3363,320,10,661,141.3,19.5,6.6,0.04977698483496878,False,False,True,0.87,1.82,Jaipur,Rajasthan,True,True,False,2,1,341.31,0.814,0.0402,1,1,Business Account,0
igdemo_000164,sankar_ltd,"Thank you for supporting small business Booking now for 2017 Serving Mumbai since 2015 Tagging Omaja, one of our first customers back in 2020.",5618,256,9,2210,83.22222222222223,7.888888888888889,1.8888888888888888,0.01655393378426486,False,False,True,0.91,2.43,Dehradun,Uttarakhand,True,True,True,3,4,284.77,0.703,0.015,1,1,Business Account,0
igdemo_000165,kulkarnisara537,"business major, meme connoisseur living on filter coffee and hope obsessed with true crime podcasts Officially 10 credits away from graduating. ✨😊",842,104,11,398,65.0,8.636363636363637,1.6363636363636365,0.08939753832865473,False,False,False,0.595,0.74,Bhopal,Madhya Pradesh,True,True,False,3,2,17.74,0.617,-0.0026,0,1,Student,0
igdemo_000166,lipikamitter_real,Woman-owned & operated Handmade goods from Vadodara Team huddle today covered 87 new ideas. ✅🔗,949,226,9,467,19.444444444444443,0.8888888888888888,0.3333333333333333,0.021777309448542323,False,False,False,0.641,0.12,Jaipur,Rajasthan,True,False,False,1,4,655.48,0.775,0.0091,1,1,Celebrity Impersonator,1
igdemo_000167,mallurmi_xo,Jack — movement is medicine Booking 1:1 sessions form check requests welcome Client hit a 45 pound PR today.,23015,1863,7,1701,2122.714285714286,94.42857142857143,152.0,0.1029390769994724,False,False,True,0.844,10.26,Bengaluru,Karnataka,True,True,False,1,3,607.11,0.578,-0.013,2,0,Fitness Creator,0
igdemo_000168,adweta43,"Full-stack developer always shipping something small Rust curious, Python fluent This is bug ticket number 55, send help.",724,190,7,1405,57.285714285714285,4.285714285714286,1.4285714285714286,0.08701657458563536,False,False,True,0.524,0.77,Ranchi,Jharkhand,False,True,True,1,2,595.75,0.677,0.047,0,0,Developer,0
igdemo_000169,kapoorbalendra,"pre-med and perpetually tired amateur baker, professional snacker counting down to graduation Shoutout to Qabil for the study session. 🙌",1021,372,6,835,66.33333333333333,6.666666666666667,3.0,0.07443682664054849,False,False,True,0.698,4.73,Mumbai,Maharashtra,True,True,False,3,4,572.01,0.671,0.045,1,0,Student,0
igdemo_000170,maharaj_ltd,"New drops every 41 weeks Serving Chandigarh since 2022 Made in India, made with love Serving Coimbatore since 2025. ✅💼",13559,75,7,2768,574.4285714285714,44.42857142857143,28.857142857142858,0.047770063110427446,False,True,True,0.744,7.54,Nagpur,Maharashtra,True,True,False,1,4,375.09,0.827,0.0101,0,1,Business Account,0
igdemo_000171,bathhitesh,into distributed systems mechanical keyboard collector views != my employer's Still can't believe it's 2023 and this bug exists. 🧠💻,3172,248,11,2278,119.45454545454545,12.090909090909092,2.909090909090909,0.04238793992892353,False,False,True,0.545,2.05,Bhopal,Madhya Pradesh,True,True,False,1,2,192.63,0.74,-0.0019,1,1,Developer,0
igdemo_000172,pahal74,coffee-powered opinions are my own Shoutout to William for the code review.,619,105,12,1620,47.916666666666664,6.5,0.8333333333333334,0.08925686591276252,False,True,True,0.864,3.31,Mumbai,Maharashtra,True,True,True,1,2,327.86,0.603,-0.0125,0,1,Developer,0
igdemo_000173,wnatarajanglow,"Helping you build strength, not just muscle believer in progressive overload DM 'START' for coaching info Logged 53 miles this week.",11236,600,5,473,247.6,27.4,6.2,0.025026699893200426,False,True,False,0.768,12.98,Chennai,Tamil Nadu,True,False,False,2,2,163.61,0.572,0.0059,1,0,Fitness Creator,0
igdemo_000174,praj_official,Follow this account only New project coming soon ✨📚,3679,4136,10,27,29.7,2.9,1.4,0.009241641750475673,False,False,False,0.613,0.29,Bengaluru,Karnataka,False,False,False,1,2,2.9,0.2,0.4657,8,0,Celebrity Impersonator,1
igdemo_000175,brindahayerworld,"Booking 1:1 sessions Online coach @ Mehta Digital Technologies Week 71 of the plan, feeling stronger. 🏃",5101,7606,6,427,127.0,10.166666666666666,2.3333333333333335,0.027347578906096844,False,False,False,0.561,13.85,Delhi,Delhi,False,False,False,1,1,1.73,0.247,0.4198,1,2,Fitness Creator,0
igdemo_000176,wbajwa752,opinions are my own Python & Go by day Shoutout to Maya for the code review. ☕📦,689,409,9,1071,19.555555555555557,1.4444444444444444,0.2222222222222222,0.03080148363167231,False,False,True,0.553,3.29,Indore,Madhya Pradesh,True,True,False,3,2,124.03,0.569,0.0507,2,1,Developer,0
igdemo_000177,emodi_hq,"Thank you for 72 years of support My verified account got hacked, this is the new one Project number 81 coming together nicely. ☕💪",14374,12874,8,476,143.0,6.375,1.5,0.010496382357033533,False,False,True,0.534,0.77,Mysuru,Karnataka,False,False,False,2,1,0.13,0.271,0.5486,12,5,Celebrity Impersonator,1
igdemo_000178,fariqkala.world,Shop my looks — link in bio Partner with the biggest brands Filming this in Bhubaneswar today. ✨😍,38963,147,16,453,67.5,3.8125,0.625,0.0018463029027538948,False,True,False,0.59,1.59,Mysuru,Karnataka,True,False,False,1,2,1.97,0.263,0.3903,9,2,Fake Influencer,1
igdemo_000179,eravi,already counting days to Durga Puja break psych major who overthinks everything Officially 54 credits away from graduating. 💪🙌,154,195,7,211,0.8571428571428571,0.0,0.0,0.0055658627087198514,False,False,False,0.138,5.0,Vadodara,Gujarat,False,True,False,2,2,2.26,0.161,0.4142,2,3,Student,0
igdemo_000180,widisha91life,Living my best life ✈️ Shop my looks — link in bio 📸✨,27806,263,10,780,112.9,5.0,1.8,0.0043048262964827735,False,True,False,0.789,0.36,Noida,Uttar Pradesh,False,False,False,1,2,2.89,0.268,0.3406,6,6,Fake Influencer,1
igdemo_000181,kabir09_life,recovering cardio-phobe turned lifter Powerlifter & coach Back in Vadodara for a pop-up class this 2025. ⚡🏋️,6203,602,5,3271,178.6,19.0,12.6,0.033886828953732066,False,True,False,0.589,2.25,Udaipur,Rajasthan,True,True,True,2,4,534.05,0.714,0.035,2,1,Fitness Creator,0
igdemo_000182,sani-pandit,Special Durga Puja offers running now Chopra Fintech Solutions — official account Proudly independent Thank you Surat for 75 years of support.,3620,219,6,1041,105.5,8.833333333333334,4.166666666666667,0.03273480662983425,False,False,True,0.625,1.31,Coimbatore,Tamil Nadu,True,True,False,3,2,548.08,0.82,0.0253,1,0,Business Account,0
igdemo_000183,yadavi42_verified,"Not a bot, it's really me New project coming soon Tagging Libni, thank you for believing in this. 🌟",5796,7095,8,159,28.375,1.625,0.75,0.005305383022774327,False,False,False,0.629,0.93,Indore,Madhya Pradesh,False,True,False,2,1,0.54,0.061,0.1947,6,1,Celebrity Impersonator,1
igdemo_000184,msingh_official,believer in progressive overload Warjas — movement is medicine Free workout guide in bio Logged 64 miles this week. 💪🏃,15287,622,12,1623,554.0,101.33333333333333,17.416666666666668,0.04400798063714267,False,True,False,0.88,10.0,Pune,Maharashtra,True,True,True,1,1,480.27,0.613,0.0102,0,1,Fitness Creator,0
igdemo_000185,hredhaansura_world,"Programs linked below macro-friendly recipes on the blog Helping you build strength, not just muscle Week 18 of the plan, feeling stronger.",10188,1557,13,1052,1002.3846153846154,181.30769230769232,61.46153846153846,0.12221769200567788,False,True,True,0.907,9.08,Chandigarh,Punjab,True,True,True,1,3,16.16,0.606,-0.0138,1,0,Fitness Creator,0
igdemo_000186,balasubramanianfinn_hq,"Booking now for 2019 Small business, big heart ✅",10779,12461,7,481,112.71428571428571,10.0,0.8571428571428571,0.011464090228354075,False,False,False,0.627,0.08,Bhopal,Madhya Pradesh,False,True,False,1,1,3.53,0.115,0.4303,11,1,Celebrity Impersonator,1
igdemo_000187,the_utkarsh965638,Guaranteed followers overnight Link in bio NOW Spot number 56 just opened up. 💰🛒,123,102,12,231,1.0833333333333333,0.0,0.0,0.008807588075880758,False,False,False,0.35,0.22,Noida,Uttar Pradesh,False,False,False,1,1,2.38,0.246,0.3715,6,1,Spam Account,1
igdemo_000188,free_zbandi67897,Guaranteed followers overnight Limited spots left!! Comment 'ME' below Only 2 spots left today. 🛒,179,248,13,177,0.23076923076923078,0.0,0.0,0.001289213579716373,False,False,False,0.338,0.27,Patna,Bihar,False,True,False,2,2,1.33,0.084,0.2641,4,6,Spam Account,1
igdemo_000189,rastogiekavirofficial,Manager: link below As seen on your explore page Living my best life ✈️ Shot this in Amritsar.,45000,286,10,722,480.2,41.1,5.3,0.01170222222222222,False,True,True,0.513,1.57,Amritsar,Punjab,False,True,False,1,1,2.62,0.155,0.1719,4,5,Fake Influencer,1
igdemo_000190,ydeoworld,"Collab requests welcome Full-time content creator Trip number 63 this year, no complaints. 😍✨",25278,229,16,621,173.0,14.75,1.625,0.007491692380726323,False,False,False,0.662,1.94,Kochi,Kerala,True,False,False,2,1,3.16,0.106,0.4439,7,1,Fake Influencer,1
igdemo_000191,dhargirik.life,Living my best life ✈️ Email in bio for collabs Outfit number 28 of the week. 📸,76185,233,6,56,528.8333333333334,41.666666666666664,13.666666666666666,0.00766773861871322,False,True,False,0.693,0.53,Noida,Uttar Pradesh,True,False,False,2,2,3.05,0.251,0.1311,11,5,Fake Influencer,1
igdemo_000192,upma72,"DM me, I promise it's me My verified account got hacked, this is the new one Tagging Yashawini, thank you for believing in this. 📚",904,179,10,2268,49.3,7.7,1.8,0.06504424778761062,False,False,True,0.605,2.15,Ranchi,Jharkhand,True,True,False,2,2,552.32,0.658,-0.0011,0,1,Student,0
igdemo_000193,dubey_karan_and_saha,"Local favorite in Udaipur Free shipping over ₹999 Tagging Vedhika, one of our first customers back in 2023.",2660,484,7,3394,121.42857142857143,14.857142857142858,2.5714285714285716,0.05220193340494093,False,True,False,0.947,8.7,Udaipur,Rajasthan,True,True,False,1,4,90.78,0.573,0.0578,1,0,Business Account,0
igdemo_000194,arin35,"Official page, all others are fake Direct message me here for business 🙌",1063,489,6,1563,56.0,6.333333333333333,0.6666666666666666,0.059266227657572904,False,True,True,0.775,3.32,Chandigarh,Punjab,True,True,True,1,1,520.67,0.812,-0.0136,1,1,Developer,0
igdemo_000195,ria23670,into indie films and bad puns can't wait for the India vs Australia test Junior at Jaipur University This is assignment number 20 this semester. 😊💪,360,182,10,2283,34.9,3.3,0.9,0.10861111111111109,False,False,True,0.782,1.95,Coimbatore,Tamil Nadu,True,True,False,3,2,658.87,0.928,0.0242,1,0,Student,0
igdemo_000196,ramarudra,Omisha | student pre-med and perpetually tired already counting days to Navratri break Currently 67 cups of coffee deep today. 🌟🎬,120,185,7,3110,6.428571428571429,1.4285714285714286,0.0,0.06547619047619048,False,False,True,0.817,1.53,Chennai,Tamil Nadu,True,False,False,1,2,403.67,0.87,-0.007,1,0,Student,0
igdemo_000197,esaran.co,Booking 1:1 sessions Pranit — movement is medicine Training out of Thiruvananthapuram this week. ⚡🔥,51190,347,9,2396,3382.8888888888887,626.7777777777778,271.8888888888889,0.08364046797334548,False,False,True,0.737,0.96,Lucknow,Uttar Pradesh,True,False,False,1,2,197.49,0.577,0.0502,0,0,Fitness Creator,0
igdemo_000198,promo_aaravchakraborty30563,"MAKE $500/DAY FROM HOME Comment 'ME' below Started in Thiruvananthapuram, now everywhere. 💯🔥",176,240,10,63,0.8,0.0,0.0,0.004545454545454546,False,True,False,0.289,0.22,Bhubaneswar,Odisha,True,False,False,1,2,1.58,0.136,0.1549,12,0,Spam Account,1
igdemo_000199,kari_ratta_and_konda,Pandey Industries Ltd — official account Booking now for 2025 Woman-owned & operated 18 orders packed and ready to go.,4070,702,9,3868,98.11111111111111,9.222222222222221,3.0,0.027108927108927112,False,True,True,0.935,4.89,Noida,Uttar Pradesh,True,True,False,1,3,615.56,0.722,-0.0006,2,0,Business Account,0
igdemo_000200,yashica55,"Backend dev, Coimbatore-based views != my employer's debugging in production (don't tell my manager) Still can't believe it's 2021 and this bug exists.",348,295,9,21,1.7777777777777777,0.0,0.0,0.005108556832694763,False,False,False,0.226,1.12,Mumbai,Maharashtra,False,False,False,1,2,2.08,0.104,0.4536,9,6,Developer,0
