user_id,username,bio,followers_count,following_count,tweets_count,account_age_days,avg_likes,avg_comments,avg_shares,engagement_rate,is_verified,has_website,has_location,profile_completion_score,retweet_ratio,city,state,email_verified,phone_verified,two_factor_enabled,device_count_30d,login_ip_diversity_30d,signup_to_first_post_hours,posting_time_entropy,follower_growth_rate_7d,reports_received_count,content_removed_count,archetype,is_fake
twdemo_000001,dugar_vig_and_behl,"Quality you can trust Made in India, made with love Thank you Kochi for 5 years of support.",1919,196,10,3514,52.6,3.8,3.2,0.0310578426263679,False,True,True,0.9,0.554,Kanpur,Uttar Pradesh,True,True,True,2,2,480.24,0.594,0.0455,1,1,Business Account,0
twdemo_000002,barman_group,"Guaranteed followers overnight Follow for a shoutout!! Tap the link before it's gone Jatin just signed up, you're next.",4904,259,7,2255,155.57142857142858,12.0,5.857142857142857,0.035364716849219296,False,True,True,0.675,0.25,Mumbai,Maharashtra,True,False,False,1,2,389.55,0.826,-0.0192,1,1,Business Account,0
twdemo_000003,swaminathanmason,"here for the memes and the free food Full-time student, part-time dreamer Tagging Yahvi because they'd get this. 🐾",199,756,8,754,10.75,1.375,0.125,0.06155778894472362,False,False,True,0.579,0.237,Kanpur,Uttar Pradesh,True,False,True,1,1,328.21,0.567,0.0586,0,0,Student,0
twdemo_000004,free_januja5536488,"DM for details MAKE $500/DAY FROM HOME Started in Lucknow, now everywhere. 🎁",140,112,8,274,1.625,0.0,0.0,0.011607142857142858,False,False,False,0.35,0.821,Lucknow,Uttar Pradesh,False,False,False,1,2,3.77,0.195,0.3558,1,1,Spam/Bot Account,1
twdemo_000005,zkrishnan_fanpage,"I reply to my real fans personally DM me, I promise it's me 94 years in this industry now. 📚☕",13880,15217,13,391,221.46153846153845,20.53846153846154,8.0,0.018011527377521614,False,False,False,0.648,0.203,Kolkata,West Bengal,False,False,False,2,1,1.95,0.173,0.546,6,3,Celebrity Impersonator,1
twdemo_000006,vasudha69,majoring in something I still can't explain at parties Pune University '27 Tagging Akshay because they'd get this. ✨,319,837,11,2100,27.363636363636363,2.727272727272727,0.5454545454545454,0.09603875748076375,False,False,False,0.789,0.501,Delhi,Delhi,True,False,True,3,3,628.09,0.923,-0.015,1,1,Student,0
twdemo_000007,kbalan_official,"Thank you for 21 years of support My verified account got hacked, this is the new one Since 2017, the journey continues. ☕",16604,20282,14,280,212.5,12.642857142857142,2.5714285714285716,0.013714423374746189,False,False,False,0.505,0.07,Dehradun,Uttarakhand,False,False,False,1,1,3.08,0.134,0.56,4,3,Celebrity Impersonator,1
twdemo_000008,official_frederickbuch52012,"Get verified fast, DM now Check my story for proof Limited spots left!! Over 49 people already joined this week. 📩👉",173,211,7,88,0.42857142857142855,0.0,0.0,0.002477291494632535,False,False,False,0.354,0.19,Vadodara,Gujarat,False,False,True,2,2,3.53,0.345,0.5005,12,0,Spam/Bot Account,1
twdemo_000009,wadhwaharrison,cloud infra tinkerer always shipping something small Standup update: 86 things fixed today.,586,104,7,3346,22.285714285714285,2.7142857142857144,0.5714285714285714,0.04363725012189176,False,False,True,0.897,0.521,Delhi,Delhi,True,False,True,2,4,497.5,0.703,0.0457,0,1,Developer,0
twdemo_000010,yugnarain_co,"Shop my looks — link in bio Collab requests welcome Brand deals only, please Trip number 86 this year, no complaints. 😍",59830,112,8,737,105.75,4.875,3.0,0.0018991308708006017,False,True,False,0.514,0.71,Bhopal,Madhya Pradesh,True,False,False,2,2,2.77,0.343,0.5116,9,3,Fake Influencer,1
twdemo_000011,bosetanveer728,board games on weekends Frontend dev who loves CSS more than I should opinions are my own Sprint 27 wrapped up today.,478,332,8,975,30.75,4.375,0.5,0.07452928870292887,False,True,False,0.503,0.381,Noida,Uttar Pradesh,True,True,False,1,2,509.49,0.876,-0.0051,1,0,Developer,0
twdemo_000012,varugheseekbal.co,Shop my looks — link in bio As seen on your explore page Packing for Surat again this week. 💖,14303,874,6,671,793.8333333333334,105.5,25.166666666666668,0.06463678948472348,False,True,True,0.947,0.533,Mumbai,Maharashtra,True,True,False,2,2,471.8,0.719,0.0589,0,1,Fake Influencer,1
twdemo_000013,best_anamika5542634,Free crypto signals daily Link in bio NOW Over 58 people already joined this week. 🛒,174,207,7,157,1.2857142857142858,0.0,0.0,0.007389162561576355,False,True,False,0.331,0.816,Pune,Maharashtra,True,False,False,2,2,1.16,0.055,0.1389,3,4,Spam/Bot Account,1
twdemo_000014,olad.xo,Full-time content creator Partner with the biggest brands Packing for Delhi again this week. 😍🌴,68485,264,14,579,354.7857142857143,18.214285714285715,4.714285714285714,0.005515284890330521,False,True,False,0.747,0.573,Kanpur,Uttar Pradesh,False,True,False,2,2,0.85,0.06,0.3987,7,3,Fake Influencer,1
twdemo_000015,varty_bal_and_bath,Thank you for supporting small business Local favorite in Pune Custom orders welcome Serving Ahmedabad since 2017.,2963,187,9,2943,66.11111111111111,8.0,2.6666666666666665,0.02591217609779878,False,True,True,0.636,0.288,Ahmedabad,Gujarat,True,True,False,1,4,139.92,0.848,0.0072,1,0,Business Account,0
twdemo_000016,get_muttigaurav74954,Guaranteed followers overnight Link in bio NOW Already 89 success stories this month. 👉📩,166,195,4,164,0.25,0.0,0.0,0.0015060240963855422,False,False,False,0.395,0.691,Bengaluru,Karnataka,True,False,False,1,2,3.33,0.334,0.429,7,1,Spam/Bot Account,1
twdemo_000017,narulaayaan.glow,Marathoner turned strength coach DM 'START' for coaching info recovering cardio-phobe turned lifter 🥗🧘,7650,444,12,3401,447.25,61.25,21.916666666666668,0.0693355119825708,False,False,False,0.568,0.718,Jaipur,Rajasthan,False,True,False,2,1,634.4,0.567,-0.0136,1,1,Fitness Creator,0
twdemo_000018,shop_nmanne21395,Limited spots left!! Tap the link before it's gone Already helped 46 people this 2021. 💰,422,400,6,326,1.5,0.0,0.0,0.0035545023696682463,False,False,False,0.377,0.86,Chennai,Tamil Nadu,False,False,False,1,2,2.89,0.303,0.4952,2,0,Spam/Bot Account,1
twdemo_000019,vsrinivasan,React/TypeScript enjoyer debugging in production (don't tell my manager) views != my employer's Still can't believe it's 2024 and this bug exists.,650,50,9,1468,52.888888888888886,11.88888888888889,1.2222222222222223,0.10153846153846154,False,True,False,0.764,0.435,Noida,Uttar Pradesh,True,True,True,2,3,399.28,0.67,0.0487,2,0,Developer,0
twdemo_000020,jagatraj,"always shipping something small Rust curious, Python fluent Currently debugging from Delhi.",550,115,9,1958,35.22222222222222,1.7777777777777777,0.5555555555555556,0.06828282828282829,False,True,False,0.87,0.31,Thiruvananthapuram,Kerala,True,True,False,2,4,213.81,0.788,0.0064,1,1,Developer,0
twdemo_000021,david00_verified,"DM me, I promise it's me THIS IS MY ONLY REAL ACCOUNT Working on something big for 2016. ☕",3728,4409,16,25,74.0625,5.4375,3.125,0.02216335836909871,False,False,False,0.732,0.011,Bengaluru,Karnataka,False,True,False,1,1,1.28,0.058,0.25,12,2,Celebrity Impersonator,1
twdemo_000022,rajeshri86_official,"Programs linked below Helping you build strength, not just muscle macro-friendly recipes on the blog Day 70 of the program. 🏋️",14685,1189,6,1806,594.6666666666666,47.666666666666664,11.833333333333334,0.04454658949040971,False,False,False,0.563,0.27,Chandigarh,Punjab,True,False,False,3,1,683.45,0.847,0.0102,2,0,Fitness Creator,0
twdemo_000023,pavanigala.glow,"Business inquiries only 10k+ engaged followers, ask for my rate card Email in bio for collabs Look number 73 from this campaign. 🌴✨",583,214,15,2532,90.13333333333334,23.066666666666666,1.9333333333333333,0.19748427672955976,False,False,True,0.792,0.626,Ahmedabad,Gujarat,True,True,False,1,2,359.93,0.872,0.0358,2,0,Fake Influencer,1
twdemo_000024,free_owen1050248,"Comment 'ME' below Everyone is doing this, why aren't you? Guaranteed followers overnight Spot number 26 just opened up. ✅👉",285,320,12,142,2.5,0.08333333333333333,0.0,0.009064327485380117,False,False,False,0.369,0.841,Chennai,Tamil Nadu,True,True,False,2,2,3.19,0.17,0.3169,5,2,Spam/Bot Account,1
twdemo_000025,khoslayashawini475,Studying at Gurugram University living on biryani and hope majoring in something I still can't explain at parties This is assignment number 52 this semester. 🎉,219,333,11,1669,14.272727272727273,2.0,0.0,0.07430469074304691,False,False,False,0.638,0.441,Amritsar,Punjab,True,True,False,1,2,317.99,0.928,0.0393,0,0,Student,0
twdemo_000026,wranganathan_co,"Follow this account only New project coming soon Since 2022, still going strong.",6798,649,16,2440,653.9375,77.25,29.125,0.11184355692850838,False,False,False,0.697,0.159,Coimbatore,Tamil Nadu,True,True,True,3,3,96.55,0.86,0.0138,0,1,Fitness Creator,0
twdemo_000027,diyadevan_verified,"Free shipping over ₹999 Family-owned, Lucknow-based Celebrating 53 years since we opened our doors. ✅",16327,23741,6,226,267.6666666666667,37.5,1.6666666666666667,0.018793001367877343,False,False,False,0.526,0.052,Guwahati,Assam,False,True,False,2,1,3.75,0.287,0.1153,6,4,Celebrity Impersonator,1
twdemo_000028,agarwalkrishna_verified,"pre-med and perpetually tired weekend hiker, weekday procrastinator can't wait for Sunday gully cricket Tagging Anusha because they'd get this.",9347,7357,9,330,64.0,2.888888888888889,1.6666666666666667,0.0073344982941644975,False,True,False,0.726,0.144,Mumbai,Maharashtra,False,False,False,1,2,0.89,0.084,0.4105,2,1,Celebrity Impersonator,1
twdemo_000029,anthonymangal,trying to survive finals week living on chai and hope obsessed with true crime podcasts Tagging Amruta because they'd get this.,639,132,7,2358,61.714285714285715,7.571428571428571,1.8571428571428572,0.11133467471495642,False,False,False,0.72,0.164,Udaipur,Rajasthan,True,True,True,2,3,277.57,0.708,-0.0076,1,0,Student,0
twdemo_000030,free_savanthitesh239,"Everyone is doing this, why aren't you? Win a free iPhone today Check my story for proof This worked for Gaurangi too, ask them. 💰",265,322,7,62,0.5714285714285714,0.0,0.0,0.0021563342318059297,False,False,False,0.132,0.841,Bhubaneswar,Odisha,False,False,False,2,2,1.69,0.165,0.5717,4,6,Spam/Bot Account,1
twdemo_000031,znadig.xo,Manager: link below Libni | lifestyle & beauty Partner with the biggest brands Filming this in Coimbatore today. 💖,11638,1625,12,3461,1249.0833333333333,74.25,29.5,0.11624276794409119,False,True,False,0.71,0.351,Coimbatore,Tamil Nadu,True,True,True,2,3,598.69,0.57,-0.0196,0,0,Fitness Creator,0
twdemo_000032,bavakalpit_hq,"DM me, I promise it's me Direct message me here for business Message number 63 today, reading every one. 😊",8222,9205,12,261,154.25,8.25,5.5,0.020432984675261494,False,False,False,0.892,0.053,Thiruvananthapuram,Kerala,False,False,False,1,2,2.08,0.262,0.0503,5,6,Celebrity Impersonator,1
twdemo_000033,promo_fradorau73069,"Everyone is doing this, why aren't you? DM for details 🔥💰",526,596,11,320,6.7272727272727275,0.18181818181818182,0.0,0.013135153819564467,False,True,False,0.159,0.608,Patna,Bihar,False,False,False,2,2,2.79,0.285,0.365,2,3,Spam/Bot Account,1
twdemo_000034,gopalsunder,"Rust curious, Python fluent Backend dev, Ahmedabad-based Currently on commit number 87 of this refactor.",546,246,5,1961,35.0,3.0,0.4,0.07032967032967033,False,False,False,0.603,0.593,Surat,Gujarat,True,True,False,2,2,565.51,0.905,0.0305,0,1,Developer,0
twdemo_000035,dhaliwalosha_xo,"Online coach @ Nair Consulting Group Programs linked below recovering cardio-phobe turned lifter Tagging Kavya, my training partner today. 🔥",38476,394,8,780,97.25,3.75,0.375,0.002634759330491735,False,False,False,0.651,0.711,Kochi,Kerala,False,True,False,1,1,0.89,0.176,0.4696,1,1,Fake Influencer,1
twdemo_000036,vyanjanarout_co,"recovering cardio-phobe turned lifter Booking 1:1 sessions Certified personal trainer Week 94 of the plan, feeling stronger. 🧘",30032,1047,10,2435,1904.9,220.3,74.3,0.07323854555141185,False,True,False,0.868,0.455,Amritsar,Punjab,True,True,True,3,2,293.15,0.697,-0.0007,0,1,Fitness Creator,0
twdemo_000037,nandini83_hq,New project coming soon Follow this account only Thank you Amara for the constant support.,375,256,10,953,14.7,2.2,0.5,0.0464,False,False,False,0.622,0.053,Guwahati,Assam,False,True,False,3,4,155.58,0.782,0.0466,0,0,Celebrity Impersonator,1
twdemo_000038,kalla-zacharia,"Made in India, made with love Small business, big heart 23 orders packed and ready to go.",3107,377,7,946,109.0,9.142857142857142,1.5714285714285714,0.038530507149754006,False,True,True,0.671,0.319,Bengaluru,Karnataka,True,True,False,3,1,211.15,0.882,0.0219,2,1,Business Account,0
twdemo_000039,randhawa_and_sons,"Made in India, made with love Free shipping over ₹999 Small business, big heart Customer number 4 just left a five-star review.",32317,181,7,254,122.71428571428571,4.428571428571429,1.8571428571428572,0.003991707151035059,False,True,False,0.533,0.332,Ranchi,Jharkhand,False,False,False,2,2,3.43,0.35,0.1829,1,5,Business Account,0
twdemo_000040,the_krishmahika37813,"Limited spots left!! Get verified fast, DM now DM for details This worked for Yash too, ask them. 📩",378,503,7,93,1.8571428571428572,0.0,0.0,0.0049130763416477706,False,False,False,0.161,0.662,Kanpur,Uttar Pradesh,True,False,False,2,1,2.55,0.306,0.4497,1,6,Spam/Bot Account,1
twdemo_000041,shop_teerthminhas62450,Turn $10 into $1000 Limited spots left!! 🎁,184,172,9,289,2.7777777777777777,0.1111111111111111,0.0,0.01570048309178744,False,True,False,0.332,0.165,Jaipur,Rajasthan,False,False,False,2,1,2.6,0.129,0.0718,9,4,Spam/Bot Account,1
twdemo_000042,radhikamahal1,Thank you for 46 years of support THIS IS MY ONLY REAL ACCOUNT 68 years in this industry now.,6352,5051,11,200,52.0,2.6363636363636362,1.8181818181818181,0.008887680329745821,False,False,False,0.722,0.075,Dehradun,Uttarakhand,True,False,False,1,2,3.11,0.161,0.4476,4,4,Celebrity Impersonator,1
twdemo_000043,manemax,"Full-time student, part-time dreamer plays intramural soccer badly Studying in Guwahati has its perks.",348,357,7,2101,22.285714285714285,2.142857142857143,0.2857142857142857,0.07101806239737274,True,False,False,0.61,0.577,Kolkata,West Bengal,True,True,False,1,2,267.97,0.911,0.0412,0,0,Student,0
twdemo_000044,lradhakrishnan_real,"Direct message me here for business DM me, I promise it's me 98 years in this industry now. 🎉",6521,6759,12,374,157.75,13.666666666666666,2.5833333333333335,0.026683024076061955,False,False,False,0.886,0.171,Surat,Gujarat,False,True,False,2,1,3.85,0.119,0.5664,10,6,Celebrity Impersonator,1
twdemo_000045,hayre_shere_and_pillai,"New drops every 89 weeks Made in India, made with love Thank you Nagpur for 76 years of support.",3503,375,14,3327,107.71428571428571,5.714285714285714,4.214285714285714,0.03358345907589413,False,True,True,0.917,0.15,Kochi,Kerala,True,True,False,3,1,384.96,0.792,0.0109,0,1,Business Account,0
twdemo_000046,real_chavvimistry41591,"Click the link and thank me later DM for details Hitesh just signed up, you're next. 📩",5139,655,10,1617,401.6,58.5,28.6,0.09509632224168127,False,True,False,0.69,0.223,Gurugram,Haryana,True,True,False,2,3,514.64,0.742,0.0115,1,0,Spam/Bot Account,1
twdemo_000047,msura_hq,"I reply to my real fans personally Not a bot, it's really me Since 2019, still going strong.",2812,2322,15,329,24.933333333333334,0.9333333333333333,0.4666666666666667,0.009364627785680417,False,False,False,0.731,0.062,Kochi,Kerala,True,False,False,2,1,1.3,0.295,0.2515,12,5,Celebrity Impersonator,1
twdemo_000048,pmishraco,"DM 'START' for coaching info Powerlifter & coach 5am workouts, no excuses Tagging Abdul, my training partner today.",19313,1529,6,893,2599.1666666666665,253.16666666666666,159.66666666666666,0.15595712732356443,False,False,True,0.752,0.132,Kolkata,West Bengal,False,True,False,3,1,587.16,0.819,0.0535,1,1,Fitness Creator,0
twdemo_000049,more-dalal,"Small business, big heart Quality you can trust 53 orders packed and ready to go.",185,218,14,58,2.142857142857143,0.0,0.0,0.011583011583011582,False,False,False,0.217,0.266,Noida,Uttar Pradesh,False,True,False,1,2,1.43,0.115,0.1132,11,1,Business Account,0
twdemo_000050,inath,views != my employer's side-project addict Full-stack developer Working out of Noida this 2016.,708,180,13,1537,43.69230769230769,4.230769230769231,1.2307692307692308,0.06942633637548892,False,False,True,0.837,0.228,Noida,Uttar Pradesh,True,True,False,3,2,62.04,0.569,0.0244,0,0,Developer,0
twdemo_000051,vasa-agarwal,Quality you can trust Local favorite in Kochi Woman-owned & operated Team huddle today covered 70 new ideas.,4258,302,6,1057,179.33333333333334,16.833333333333332,7.333333333333333,0.04779239079379991,False,True,True,0.912,0.269,Ranchi,Jharkhand,True,True,True,2,1,292.92,0.623,0.0119,1,1,Business Account,0
twdemo_000052,majumdar_llc,DM for details Free crypto signals daily Limited spots left!! Already helped 78 people this 2023.,2395,620,10,3172,57.8,7.2,2.2,0.028058455114822547,False,True,True,0.774,0.196,Bhubaneswar,Odisha,True,False,False,1,3,515.26,0.736,0.0286,1,1,Business Account,0
twdemo_000053,sachdeva_inc,"Made in India, made with love Custom orders welcome Thank you Mysuru for 62 years of support.",7356,527,8,3886,266.25,34.25,9.625,0.042159461663947795,False,False,True,0.62,0.478,Kanpur,Uttar Pradesh,True,True,True,2,1,67.77,0.729,0.0422,2,1,Business Account,0
twdemo_000054,ganga46_co,"5am workouts, no excuses Marathoner turned strength coach Tagging Manan, my training partner today. 🧘",11601,317,13,2108,796.1538461538462,67.3076923076923,27.615384615384617,0.07681035454503259,False,True,False,0.713,0.136,Delhi,Delhi,False,True,True,3,4,162.14,0.82,0.014,1,1,Fitness Creator,0
twdemo_000055,devan_kumar_and_toor,"Community first, always Free shipping over ₹999 Tagging Faris, one of our first customers back in 2021.",2781,718,11,1624,67.18181818181819,6.181818181818182,3.6363636363636362,0.0276878820568141,False,False,True,0.688,0.142,Bhopal,Madhya Pradesh,True,True,False,2,4,259.23,0.664,0.0473,0,1,Business Account,0
twdemo_000056,best_balaytristan69699,"Click the link and thank me later Free crypto signals daily Started in Vadodara, now everywhere. 📩💯",357,429,8,300,2.125,0.125,0.0,0.0063025210084033615,False,False,False,0.302,0.782,Kolkata,West Bengal,True,False,False,2,1,3.55,0.265,0.5561,3,0,Spam/Bot Account,1
twdemo_000057,sidhu_ahluwalia_and_yoha,"Made in India, made with love Pillai Business Solutions — official account Free shipping over ₹999 Batch number 7 restocked today.",8444,617,6,2089,283.5,32.333333333333336,8.5,0.03840991631138481,False,True,False,0.882,0.314,Delhi,Delhi,True,True,False,3,3,448.1,0.666,0.0234,1,0,Business Account,0
twdemo_000058,sudiksha80791,side-project addict Building things at Iyer Software Systems PR number 30 finally merged. ⚙️,4762,6215,9,106,61.22222222222222,5.222222222222222,1.5555555555555556,0.014279714405711887,False,False,False,0.535,0.566,Bhubaneswar,Odisha,False,True,False,2,1,2.87,0.149,0.4153,3,1,Developer,0
twdemo_000059,pdubey613,here for the memes and the free food obsessed with true crime podcasts Tagging Pavani because they'd get this.,397,334,8,439,25.25,5.375,0.75,0.0790302267002519,False,True,True,0.705,0.521,Gurugram,Haryana,True,True,False,2,4,187.72,0.602,-0.0012,1,1,Student,0
twdemo_000060,anayiyer,counting down to graduation Bengaluru University '27 majoring in something I still can't explain at parties Currently 73 cups of coffee deep today. 📚💪,680,540,12,1463,45.166666666666664,7.5,1.5,0.07965686274509803,False,False,False,0.472,0.326,Pune,Maharashtra,True,True,True,3,1,240.33,0.782,0.0109,0,1,Student,0
twdemo_000061,nbarad,views != my employer's Building things at Joshi Manufacturing Co. Pairing with Aadhya made this so much faster. 📦☕,1138,96,12,1022,77.5,14.416666666666666,1.5833333333333333,0.08216168717047452,False,False,False,0.525,0.546,Surat,Gujarat,True,True,False,1,2,678.96,0.573,-0.0055,2,0,Developer,0
twdemo_000062,akshay86,Pranit — mobile engineer views != my employer's Still can't believe it's 2023 and this bug exists.,779,230,12,2827,26.583333333333332,4.166666666666667,0.3333333333333333,0.039901583226358575,False,False,True,0.762,0.255,Thiruvananthapuram,Kerala,True,True,False,2,2,374.83,0.89,0.0279,2,1,Developer,0
twdemo_000063,top_ydas78897,React/TypeScript enjoyer views != my employer's Sprint 6 wrapped up today.,478,545,15,128,4.2,0.0,0.0,0.008786610878661089,False,True,False,0.115,0.906,Dehradun,Uttarakhand,False,False,False,2,2,1.43,0.198,0.2409,3,5,Spam/Bot Account,1
twdemo_000064,chauhan-om,Link in bio NOW Win a free iPhone today 👉,19930,610,11,908,415.54545454545456,28.90909090909091,20.181818181818183,0.02331341513478995,False,True,True,0.893,0.263,Ahmedabad,Gujarat,True,True,False,1,1,597.02,0.56,0.0457,1,0,Business Account,0
twdemo_000065,ypuri.glow,Partner with the biggest brands Living my best life ✈️ Filming this in Delhi today. 💖😍,33388,247,11,454,358.1818181818182,55.54545454545455,4.181818181818182,0.012516745265038065,False,True,False,0.559,0.823,Ranchi,Jharkhand,False,False,False,1,1,3.01,0.112,0.2501,8,2,Fake Influencer,1
twdemo_000066,nirjamistry_official,"My verified account got hacked, this is the new one DM me, I promise it's me 26 years of your support means everything.",11781,1025,8,1602,509.25,40.75,21.25,0.04848909260673966,True,True,True,0.753,0.014,Guwahati,Assam,True,True,False,3,2,227.26,0.614,-0.0024,0,0,Celebrity Impersonator,1
twdemo_000067,best_xnayak92555,DM for details Exclusive deal for my first 100 fans Already 47 success stories this month.,528,351,15,1149,24.733333333333334,2.4,0.4666666666666667,0.05227272727272727,False,False,True,0.735,0.679,Bhopal,Madhya Pradesh,True,True,True,1,3,427.24,0.738,0.0441,0,0,Spam/Bot Account,1
twdemo_000068,xsani,"10k+ engaged followers, ask for my rate card Brand deals only, please Shop my looks — link in bio Look number 31 from this campaign. 💅",1345,349,8,3471,68.25,5.5,1.375,0.0558550185873606,False,False,False,0.51,0.466,Vadodara,Gujarat,True,True,False,2,2,102.21,0.892,-0.0157,1,0,Developer,0
twdemo_000069,fmander,"Follow this account only THIS IS MY ONLY REAL ACCOUNT Since 2019, still going strong.",3000,376,14,2087,173.64285714285714,31.928571428571427,6.285714285714286,0.07061904761904761,False,False,True,0.588,0.229,Thiruvananthapuram,Kerala,True,True,False,3,1,660.25,0.56,0.0413,0,1,Student,0
twdemo_000070,pandyaleena,Frontend dev who loves CSS more than I should into distributed systems Shoutout to Vanya for the code review.,962,54,11,2752,13.818181818181818,2.1818181818181817,0.36363636363636365,0.01701001701001701,False,False,False,0.828,0.383,Jaipur,Rajasthan,True,False,False,1,1,588.74,0.816,0.06,2,0,Developer,0
twdemo_000071,chavvisingh,always shipping something small Frontend dev who loves CSS more than I should Currently debugging from Surat.,986,194,19,3387,22.05263157894737,2.263157894736842,0.15789473684210525,0.024821180740898903,False,False,True,0.76,0.373,Indore,Madhya Pradesh,True,True,False,2,2,570.0,0.584,0.0027,0,1,Developer,0
twdemo_000072,darshgala,coffee-powered Liam — mobile engineer views != my employer's 🔧💻,525,151,10,3098,33.6,4.1,1.0,0.07371428571428572,False,True,True,0.641,0.518,Bhubaneswar,Odisha,True,True,True,3,4,715.39,0.81,-0.006,2,1,Developer,0
twdemo_000073,robert82.vip,Certified personal trainer macro-friendly recipes on the blog Back in Noida for a pop-up class this 2017.,32623,93,9,528,60.44444444444444,2.0,0.1111111111111111,0.0019175292142217318,False,False,True,0.459,0.369,Udaipur,Rajasthan,False,False,False,1,1,1.08,0.317,0.1176,7,3,Fitness Creator,0
twdemo_000074,fbassivip,"10k+ engaged followers, ask for my rate card Shop my looks — link in bio Business inquiries only Since 2023, this has been the dream. 💅",46739,247,12,233,150.41666666666666,21.833333333333332,0.16666666666666666,0.0036889250233566543,False,False,False,0.446,0.829,Thiruvananthapuram,Kerala,False,True,False,2,1,2.07,0.089,0.5712,5,6,Fake Influencer,1
twdemo_000075,free_nmore98752,Turn $10 into $1000 Limited spots left!! Tap the link before it's gone 👉🎁,179,154,15,275,2.0,0.0,0.0,0.0111731843575419,False,False,True,0.252,0.728,Guwahati,Assam,True,False,False,1,2,1.21,0.144,0.5367,8,6,Spam/Bot Account,1
twdemo_000076,balvan74_vip,Email in bio for collabs As seen on your explore page Manbir | lifestyle & beauty 😍,11625,190,12,850,64.75,1.5833333333333333,0.16666666666666666,0.005720430107526882,False,True,False,0.605,0.446,Bengaluru,Karnataka,True,False,False,1,2,1.19,0.153,0.2821,8,4,Fake Influencer,1
twdemo_000077,sachi73co,Woman-owned & operated Special Eid offers running now Handmade goods from Thiruvananthapuram,78435,339,8,51,275.5,28.375,7.25,0.003966660291961497,False,True,False,0.488,0.895,Udaipur,Rajasthan,False,False,False,1,2,1.93,0.311,0.087,6,1,Fake Influencer,1
twdemo_000078,chakrabarti_bahri_and_yo,"Custom orders welcome Family-owned, Gurugram-based Serving Pune since 2017.",2802,443,14,2909,130.78571428571428,9.428571428571429,5.642857142857143,0.05205465483838074,False,True,True,0.762,0.317,Lucknow,Uttar Pradesh,True,True,False,2,2,701.72,0.88,0.0274,1,0,Business Account,0
twdemo_000079,lipika63.world,Online coach @ Bhatt Media Networks mobility nerd 42 minutes of mobility work this morning.,7020,860,9,1652,865.2222222222222,112.33333333333333,43.888888888888886,0.14550490661601773,False,True,False,0.699,0.194,Lucknow,Uttar Pradesh,True,True,True,2,4,555.34,0.795,0.0079,0,1,Fitness Creator,0
twdemo_000080,madan-shenoy,Woman-owned & operated Serving Noida since 2021 Batch number 53 restocked today. ✅,1487,407,14,404,61.857142857142854,6.642857142857143,2.2857142857142856,0.047603035834374106,False,True,True,0.695,0.258,Kochi,Kerala,True,True,False,3,3,562.94,0.869,-0.0026,2,1,Business Account,0
twdemo_000081,lajita04,psych major who overthinks everything here for the memes and the free food obsessed with true crime podcasts Officially 89 credits away from graduating.,704,868,14,80,5.071428571428571,0.0,0.0,0.007203733766233766,False,False,False,0.38,0.33,Chennai,Tamil Nadu,False,True,False,1,2,1.11,0.295,0.5772,5,5,Student,0
twdemo_000082,get_qasimnatarajan43261,"Follow for a shoutout!! Get verified fast, DM now Started in Indore, now everywhere.",1008,1223,11,172,2.090909090909091,0.0,0.0,0.002074314574314574,False,False,False,0.316,0.617,Chennai,Tamil Nadu,False,False,False,1,1,0.79,0.154,0.1741,6,3,Spam/Bot Account,1
twdemo_000083,annechanchal,Bhubaneswar University '27 living on biryani and hope Group chat with Tanveer is unhinged today. 🐾,25190,35586,10,212,480.4,34.9,6.6,0.020718539102818578,False,False,False,0.58,0.242,Chennai,Tamil Nadu,False,False,False,1,1,0.68,0.265,0.5559,7,3,Student,0
twdemo_000084,nayak-pau,Special Durga Puja offers running now Woman-owned & operated Proudly 85 years in business this 2021.,4755,290,8,1756,198.75,16.0,12.375,0.047765509989484756,False,False,True,0.703,0.229,Bengaluru,Karnataka,True,True,False,2,2,646.69,0.883,0.0059,2,0,Business Account,0
twdemo_000085,adya18,always shipping something small into distributed systems PR number 88 finally merged. 🚀📦,210,239,7,362,3.0,0.0,0.0,0.014285714285714285,False,True,False,0.202,0.526,Bengaluru,Karnataka,True,False,False,1,1,1.02,0.175,0.563,3,2,Developer,0
twdemo_000086,vlalla_glow,Email in bio for collabs Partner with the biggest brands Sneha | lifestyle & beauty Filming this in Mumbai today. 🌴,63676,161,16,242,619.9375,22.9375,6.125,0.010192223129593567,False,True,False,0.405,0.875,Thiruvananthapuram,Kerala,False,True,False,1,2,3.69,0.138,0.432,0,3,Fake Influencer,1
twdemo_000087,sharmamekhala,Grad student @ Mumbai University can't wait for our local cricket league Officially 15 credits away from graduating.,563,400,14,1167,34.714285714285715,6.642857142857143,0.5,0.07434661253488963,False,False,False,0.573,0.444,Bhubaneswar,Odisha,True,False,False,2,2,698.32,0.723,0.0126,2,0,Student,0
twdemo_000088,chaitalyoommenxo,Living my best life ✈️ Manager: link below As seen on your explore page ✨💖,55732,94,15,62,133.06666666666666,7.0,1.0666666666666667,0.002532357233426637,False,True,True,0.409,0.661,Delhi,Delhi,False,False,False,2,2,3.48,0.105,0.4184,12,5,Fake Influencer,1
twdemo_000089,vasudhathaker.official,"Follow this account only New project coming soon Tagging Gautam, thank you for believing in this. 😊🐾",4839,6110,14,63,30.285714285714285,4.214285714285714,0.07142857142857142,0.007144333244767218,False,False,False,0.685,0.016,Nagpur,Maharashtra,False,False,False,1,2,2.84,0.236,0.2305,10,4,Celebrity Impersonator,1
twdemo_000090,gagan33_verified,"New project coming soon Not a bot, it's really me Thank you Hamsini for the constant support. 🐾",6765,5020,10,115,130.9,12.7,0.4,0.021286031042128603,False,False,False,0.658,0.076,Coimbatore,Tamil Nadu,True,False,False,1,2,1.22,0.055,0.1162,12,3,Celebrity Impersonator,1
twdemo_000091,kumar_plc,"Local favorite in Chandigarh Community first, always Order number 84 just shipped.",12910,16455,5,419,206.6,17.4,1.8,0.017490317583268786,False,False,False,0.89,0.25,Noida,Uttar Pradesh,False,True,False,1,1,3.14,0.25,0.3773,6,0,Business Account,0
twdemo_000092,wablemanthan90,counting down to graduation pre-med and perpetually tired Shoutout to Fiyaz for the study session. 🙌☕,808,392,16,1869,76.75,14.1875,3.375,0.11672339108910891,False,False,False,0.539,0.515,Thiruvananthapuram,Kerala,True,True,False,2,4,266.47,0.71,0.0161,2,1,Student,0
twdemo_000093,vrittigopal.xo,"Programs linked below swapped fried snacks for home-cooked filter coffee Helping you build strength, not just muscle Client hit a 43 pound PR today.",29580,963,10,2924,2556.5,406.3,42.2,0.10158891142663962,False,True,False,0.717,0.269,Ranchi,Jharkhand,True,False,True,3,4,505.08,0.564,0.0255,2,1,Fitness Creator,0
twdemo_000094,lal_ltd,DM us for inquiries Local favorite in Dehradun Proudly independent Team huddle today covered 57 new ideas.,3835,542,13,868,163.6153846153846,14.461538461538462,4.769230769230769,0.04767826697422525,False,True,True,0.844,0.118,Gurugram,Haryana,True,True,False,3,2,674.67,0.868,0.0439,0,0,Business Account,0
twdemo_000095,abha60_real,"Helping you build strength, not just muscle Booking 1:1 sessions believer in progressive overload Week 79 of the plan, feeling stronger.",12501,9003,11,81,120.45454545454545,8.636363636363637,0.09090909090909091,0.01033371875704489,False,False,False,0.81,0.247,Amritsar,Punjab,False,False,False,1,1,3.47,0.285,0.0901,3,3,Celebrity Impersonator,1
twdemo_000096,nparekh250,"Studying at Patna University amateur baker, professional snacker just trying to pass exams Number 22 on my to-do list: sleep.",431,185,4,943,19.25,2.25,0.75,0.05162412993039443,False,False,False,0.557,0.544,Surat,Gujarat,True,True,False,3,2,123.6,0.676,-0.0155,0,0,Student,0
twdemo_000097,enigam_world,As seen on your explore page Email in bio for collabs Turning passion into a career Teerth styled this look. 📸👑,263,266,9,634,15.444444444444445,1.0,0.5555555555555556,0.06463878326996197,False,False,True,0.844,0.892,Mumbai,Maharashtra,True,True,False,2,4,102.19,0.741,0.0438,0,1,Fake Influencer,1
twdemo_000098,krishna51_glow,Turvi — movement is medicine believer in progressive overload Free workout guide in bio 76 minutes of mobility work this morning. 🏃🔥,19993,504,6,2925,2168.1666666666665,288.0,136.0,0.12965371213257973,True,True,True,0.706,0.136,Nagpur,Maharashtra,True,True,True,3,2,178.13,0.845,-0.0019,2,1,Fitness Creator,0
twdemo_000099,mahal_ahuja_and_dutt,Quality you can trust Proudly independent Batch number 45 restocked today.,2860,240,12,2230,115.91666666666667,12.416666666666666,2.9166666666666665,0.04589160839160839,False,False,True,0.801,0.278,Gurugram,Haryana,True,True,False,3,2,436.51,0.695,0.0158,2,0,Business Account,0
twdemo_000100,maanasdyal.life,"5am workouts, no excuses Powerlifter & coach DM 'START' for coaching info Training out of Mysuru this week. 🔥⚡",13025,519,12,2818,1162.5833333333333,123.16666666666667,34.166666666666664,0.10133717210492643,False,False,False,0.558,0.12,Chandigarh,Punjab,True,True,False,2,1,234.2,0.675,0.0035,2,1,Fitness Creator,0
twdemo_000101,yachana51,"Ishita | lifestyle & beauty 10k+ engaged followers, ask for my rate card Look number 12 from this campaign. 💅",752,138,11,3479,24.09090909090909,2.3636363636363638,0.7272727272727273,0.03614603481624758,False,False,True,0.606,0.411,Noida,Uttar Pradesh,True,True,True,1,2,202.99,0.749,0.0407,0,0,Developer,0
twdemo_000102,nwadhwa,obsessed with true crime podcasts already counting days to Holi break Ran into Jatin at the library again.,234,81,12,739,10.916666666666666,1.3333333333333333,0.0,0.05235042735042735,False,False,True,0.575,0.547,Udaipur,Rajasthan,True,True,True,2,3,228.7,0.648,0.0141,0,1,Student,0
twdemo_000103,yashawini67,"amateur baker, professional snacker pre-med and perpetually tired Can't believe it's already 2015. 🎉",496,577,5,2327,31.2,7.0,0.6,0.07822580645161291,False,True,False,0.772,0.476,Hyderabad,Telangana,True,True,False,3,4,544.9,0.734,0.0298,0,0,Student,0
twdemo_000104,kiaanatwallife,"Chatura | lifestyle & beauty Partner with the biggest brands Email in bio for collabs So many of you asked for this, here it is. 💅✨",119903,417,10,480,490.9,29.0,6.6,0.004391049431623896,False,True,False,0.684,0.37,Mumbai,Maharashtra,False,False,False,2,2,2.17,0.223,0.1752,3,1,Fake Influencer,1
twdemo_000105,zpatel.official,"Programs linked below Helping you build strength, not just muscle Day 27 of the program. ⚡",13799,346,8,1732,671.875,47.875,19.5,0.053572722661062395,False,True,False,0.741,0.302,Lucknow,Uttar Pradesh,True,True,False,1,2,618.79,0.879,0.018,1,0,Fitness Creator,0
twdemo_000106,gauri38.xo,"Manager: link below Brand deals only, please Shot this in Bengaluru.",38973,93,12,243,111.66666666666667,11.166666666666666,0.8333333333333334,0.0031731369580649854,False,True,False,0.719,0.796,Bengaluru,Karnataka,False,False,False,1,2,3.38,0.151,0.3472,1,5,Fake Influencer,1
twdemo_000107,dpall311,into distributed systems views != my employer's Currently debugging from Patna.,752,166,4,1778,71.75,13.5,1.0,0.1146941489361702,False,False,False,0.556,0.384,Pune,Maharashtra,True,True,True,2,2,313.32,0.859,0.0195,1,1,Developer,0
twdemo_000108,ewallaxo,Turning passion into a career Collab requests welcome Shop my looks — link in bio Filming this in Kanpur today. ✨,44613,115,15,713,163.93333333333334,10.133333333333333,6.4,0.004045158735495633,False,True,False,0.746,0.502,Udaipur,Rajasthan,False,True,False,1,1,1.61,0.267,0.292,11,3,Fake Influencer,1
twdemo_000109,santishaanxo,Collab requests welcome Shop my looks — link in bio Living my best life ✈️ ✨💖,25418,251,8,712,207.75,8.625,4.125,0.008674954756471792,False,False,False,0.572,0.859,Noida,Uttar Pradesh,False,False,False,2,2,0.3,0.311,0.5498,1,0,Fake Influencer,1
twdemo_000110,kadakia_oak_and_kade,"Made in India, made with love Serving Ahmedabad since 2019 Shoutout to our 13th customer this week.",1974,386,8,2982,43.0,4.25,1.75,0.024822695035460994,False,False,True,0.759,0.214,Jaipur,Rajasthan,True,True,False,3,4,234.72,0.851,0.013,2,1,Business Account,0
twdemo_000111,samuelbhatt_vip,"THIS IS MY ONLY REAL ACCOUNT DM me, I promise it's me 😊📚",15213,1300,11,859,1734.3636363636363,241.63636363636363,140.1818181818182,0.13910351792426331,False,True,False,0.947,0.348,Gurugram,Haryana,True,True,True,3,3,13.29,0.733,-0.014,1,0,Fitness Creator,0
twdemo_000112,best_barkha4787837,Check my story for proof MAKE $500/DAY FROM HOME Slot 97 almost gone. 💰,167,210,12,139,3.0,0.08333333333333333,0.0,0.01846307385229541,False,False,True,0.294,0.718,Thiruvananthapuram,Kerala,False,False,False,1,1,2.48,0.245,0.34,9,6,Spam/Bot Account,1
twdemo_000113,niharika71,trying to survive finals week obsessed with true crime podcasts Campus tour 60 for prospective students today. 🙌📚,653,304,8,2060,40.5,5.25,1.25,0.07197549770290965,False,False,True,0.71,0.163,Kanpur,Uttar Pradesh,True,True,True,1,3,565.1,0.566,0.0164,2,0,Student,0
twdemo_000114,baljiwanbabu,cloud infra tinkerer mechanical keyboard collector always shipping something small Working out of Bhubaneswar this 2025. 💻🧠,755,550,11,2162,35.54545454545455,3.272727272727273,0.2727272727272727,0.051776038531005424,False,True,False,0.515,0.428,Ahmedabad,Gujarat,True,True,True,1,2,630.85,0.891,0.0114,1,0,Developer,0
twdemo_000115,vivaan71_fanpage,Direct message me here for business Follow this account only Project number 97 coming together nicely. 🎬✨,11066,13136,11,318,351.6363636363636,31.727272727272727,7.545454545454546,0.03532523865074019,False,False,False,0.78,0.058,Ranchi,Jharkhand,False,False,False,1,2,0.45,0.166,0.5579,8,5,Celebrity Impersonator,1
twdemo_000116,abhimanyusahota_xo,Powerlifter & coach recovering cardio-phobe turned lifter Booking 1:1 sessions Logged 36 miles this week. 🧘🔥,10518,1667,12,685,803.8333333333334,80.41666666666667,27.583333333333332,0.08669265386321862,False,False,False,0.897,0.141,Kochi,Kerala,True,True,False,2,3,547.18,0.648,-0.0056,2,0,Fitness Creator,0
twdemo_000117,real_deeparajagopal67713,Tap the link before it's gone Turn $10 into $1000 💯📩,281,315,5,158,3.6,0.2,0.0,0.013523131672597865,False,False,False,0.151,0.683,Thiruvananthapuram,Kerala,False,False,False,2,1,2.76,0.242,0.4769,6,5,Spam/Bot Account,1
twdemo_000118,qpai.co,"Certified personal trainer Programs linked below Week 35 of the plan, feeling stronger.",76740,358,11,708,168.63636363636363,3.727272727272727,0.8181818181818182,0.002256734664866017,False,True,True,0.434,0.56,Mumbai,Maharashtra,False,False,False,2,1,0.3,0.161,0.3664,0,1,Fitness Creator,0
twdemo_000119,win_fgola38960,"Everyone is doing this, why aren't you? Tap the link before it's gone Turn $10 into $1000 Started in Chennai, now everywhere. 🔥",600,835,14,348,4.285714285714286,0.14285714285714285,0.0,0.007380952380952381,False,False,False,0.24,0.701,Guwahati,Assam,False,False,False,1,1,1.25,0.289,0.1345,12,5,Spam/Bot Account,1
twdemo_000120,tak-sandal,Kulkarni Software Pvt Ltd — official account Quality you can trust Thank you for supporting small business Batch number 73 restocked today.,4325,177,10,3179,93.8,12.4,2.4,0.025109826589595378,False,True,True,0.635,0.55,Patna,Bihar,True,True,True,2,1,654.74,0.87,0.0597,2,0,Business Account,0
twdemo_000121,charan36,here for the memes and the free food into indie films and bad puns This is assignment number 73 this semester. 😊,230,254,5,1192,13.6,1.0,0.6,0.06608695652173913,False,False,False,0.519,0.511,Indore,Madhya Pradesh,True,True,False,3,4,189.06,0.894,-0.0013,1,0,Student,0
twdemo_000122,official_saumyapingle90541,Junior at Dehradun University trying to survive finals week Currently 9 days away from break. 😊🌟,461,621,6,222,5.666666666666667,0.0,0.0,0.012292118582791035,False,False,False,0.336,0.762,Gurugram,Haryana,False,False,False,1,1,0.8,0.11,0.3107,7,2,Spam/Bot Account,1
twdemo_000123,guhagautami,"Get verified fast, DM now Limited spots left!! Comment 'ME' below Message number 24 today, still going. 📩💰",561,460,8,2937,32.0,2.875,0.625,0.06327985739750445,False,True,False,0.79,0.484,Amritsar,Punjab,True,True,True,1,3,608.51,0.574,0.0001,1,1,Developer,0
twdemo_000124,hsarkar377,living on chai and hope psych major who overthinks everything into indie films and bad puns Currently 29 cups of coffee deep today. 🐾,30892,302,8,134,124.75,10.0,1.75,0.004418619707367603,False,True,False,0.72,0.546,Chennai,Tamil Nadu,False,False,False,1,1,2.54,0.282,0.4911,3,4,Student,0
twdemo_000125,ojasviprabhakar,just trying to pass exams into indie films and bad puns Tagging Eesha because they'd get this.,243,296,12,361,16.25,2.0833333333333335,0.6666666666666666,0.07818930041152264,False,False,True,0.652,0.331,Gurugram,Haryana,True,True,False,2,1,375.64,0.894,0.0449,2,1,Student,0
twdemo_000126,khoslayasti,always shipping something small Full-stack developer board games on weekends Shoutout to Triveni for the code review.,3453,175,7,2761,196.85714285714286,33.857142857142854,5.142857142857143,0.06830499358735675,False,True,True,0.864,0.54,Ahmedabad,Gujarat,True,True,True,1,4,535.73,0.806,0.001,1,1,Developer,0
twdemo_000127,misra_behl_and_pingle,"New drops every 71 weeks Made in India, made with love Rao Ventures India — official account",2395,153,6,1184,77.83333333333333,7.333333333333333,4.166666666666667,0.03729993041057759,False,True,True,0.809,0.204,Mysuru,Karnataka,True,True,False,2,2,145.04,0.696,-0.0189,1,0,Business Account,0
twdemo_000128,suri-agate,"Ignore the other fake pages My verified account got hacked, this is the new one Thank you Zarna for the constant support.",4378,433,12,360,90.0,8.833333333333334,1.4166666666666667,0.02289858382823207,False,True,False,0.843,0.326,Jaipur,Rajasthan,True,True,False,2,4,253.25,0.913,0.0121,0,0,Business Account,0
twdemo_000129,randhawapriya1,"Follow this account only My verified account got hacked, this is the new one Working on something big for 2025.",7240,10314,12,313,52.75,4.083333333333333,0.08333333333333333,0.007861418047882138,False,False,False,0.756,0.022,Lucknow,Uttar Pradesh,False,False,False,2,1,0.36,0.15,0.5608,9,4,Celebrity Impersonator,1
twdemo_000130,mitalijayaraman924,Python & Go by day Building things at Mehta Digital Technologies Working out of Bhopal this 2017.,2033,646,14,1588,66.64285714285714,4.714285714285714,1.5714285714285714,0.035872391258520125,False,False,False,0.859,0.517,Dehradun,Uttarakhand,True,True,False,2,1,530.78,0.624,-0.0198,0,1,Developer,0
twdemo_000131,real_shrofftejas67496,Free crypto signals daily DM for details Over 64 people already joined this week. 🎁,91,111,9,247,0.8888888888888888,0.0,0.0,0.009768009768009768,False,True,False,0.258,0.91,Chennai,Tamil Nadu,True,False,False,1,1,2.78,0.141,0.5317,8,2,Spam/Bot Account,1
twdemo_000132,more_nayak_and_sandhu,"Local favorite in Vadodara New drops every 35 weeks Community first, always 19 orders packed and ready to go.",3124,284,11,3046,82.45454545454545,7.7272727272727275,1.0909090909090908,0.029216622046327554,False,True,True,0.605,0.083,Kolkata,West Bengal,True,True,False,1,1,293.6,0.575,0.0494,2,1,Business Account,0
twdemo_000133,devika02.official,"Ignore the other fake pages My verified account got hacked, this is the new one Since 2021, still going strong.",9755,8018,10,408,82.5,10.3,2.1,0.009728344438749358,False,False,True,0.614,0.108,Hyderabad,Telangana,True,False,False,1,2,1.74,0.274,0.2115,6,3,Celebrity Impersonator,1
twdemo_000134,bhatt_chakraborty_and_ma,"Made in India, made with love Local favorite in Amritsar Customer number 57 just left a five-star review.",2818,452,9,1419,64.55555555555556,5.111111111111111,3.111111111111111,0.025826038955918305,False,False,True,0.734,0.265,Noida,Uttar Pradesh,True,True,False,1,2,136.17,0.629,0.0356,0,0,Business Account,0
twdemo_000135,aishani31_official,form check requests welcome Powerlifter & coach DM 'START' for coaching info 77 minutes of mobility work this morning. 🏋️,9216,10228,6,5,123.0,10.333333333333334,2.8333333333333335,0.014775028935185187,False,False,False,0.657,0.33,Dehradun,Uttarakhand,False,False,False,2,2,3.74,0.147,0.1724,0,1,Fitness Creator,0
twdemo_000136,devanoscarofficial,"Serving Chandigarh since 2018 Quality you can trust Tagging Libni, one of our first customers back in 2021.",57519,93,12,636,277.0,28.916666666666668,5.0,0.005405460224737334,False,False,False,0.6,0.437,Kanpur,Uttar Pradesh,False,False,False,2,2,3.26,0.125,0.5216,0,5,Fake Influencer,1
twdemo_000137,anirudhgolla.world,"Brand deals only, please 10k+ engaged followers, ask for my rate card Manager: link below Filming this in Coimbatore today.",33877,140,9,152,226.33333333333334,5.222222222222222,0.0,0.006835184802537284,False,True,False,0.686,0.632,Nagpur,Maharashtra,False,True,False,1,1,0.02,0.164,0.5291,3,0,Fake Influencer,1
twdemo_000138,psarma.co,"Powerlifter & coach 5am workouts, no excuses Session number 13 with this client, big progress. 🧘",7581,1817,11,899,638.1818181818181,98.36363636363636,15.181818181818182,0.09915938170785815,False,False,True,0.649,0.419,Mumbai,Maharashtra,True,True,True,3,1,192.29,0.751,0.0156,1,1,Fitness Creator,0
twdemo_000139,tripathi_ltd,Thank you for supporting small business Free shipping over ₹999 Patel Agro Industries — official account Shoutout to our 38th customer this week.,5745,517,16,2785,254.0,32.75,9.375,0.05154482158398607,False,True,True,0.635,0.18,Mumbai,Maharashtra,True,True,True,3,2,653.55,0.727,0.0569,0,0,Business Account,0
twdemo_000140,dkumar.glow,Meghana | lifestyle & beauty Shop my looks — link in bio Brand deal number 94 this month. 🌴✨,34989,339,7,528,98.0,3.142857142857143,0.2857142857142857,0.0028988702571828696,False,True,False,0.451,0.513,Lucknow,Uttar Pradesh,False,False,True,1,1,2.05,0.129,0.5002,2,3,Fake Influencer,1
twdemo_000141,official_cvora56253,Check my story for proof Limited spots left!! Over 7 people already joined this week. 💯👉,226,228,12,129,0.75,0.0,0.0,0.00331858407079646,False,True,False,0.351,0.744,Bhubaneswar,Odisha,True,True,False,1,1,0.01,0.276,0.5855,6,2,Spam/Bot Account,1
twdemo_000142,mitali99_xo,"As seen on your explore page Email in bio for collabs So many of you asked for this, here it is.",33341,159,9,714,58.44444444444444,3.3333333333333335,0.4444444444444444,0.0018662374320572936,False,True,True,0.567,0.777,Thiruvananthapuram,Kerala,True,False,False,2,2,1.76,0.108,0.2886,9,5,Fake Influencer,1
twdemo_000143,gandhibaljiwan,Software engineer @ Bansal E-Commerce Pvt Ltd views != my employer's Shoutout to Unnati for the code review.,1711,338,12,314,100.75,13.166666666666666,3.0,0.06833235924410676,False,False,False,0.636,0.727,Mumbai,Maharashtra,True,True,True,1,4,171.04,0.801,0.0108,2,0,Developer,0
twdemo_000144,pranav51co,Collab requests welcome Shop my looks — link in bio Falan | lifestyle & beauty Shot this in Nagpur.,679,313,8,979,30.875,4.375,0.5,0.05265095729013255,False,False,False,0.82,0.882,Vadodara,Gujarat,True,True,False,2,3,94.12,0.574,-0.0007,2,0,Fake Influencer,1
twdemo_000145,xghose44,"already counting days to Diwali break business major, meme connoisseur into indie films and bad puns Number 44 on my to-do list: sleep. 😊",883,397,11,1112,39.27272727272727,3.0,1.4545454545454546,0.04952126016678678,False,False,False,0.654,0.395,Kochi,Kerala,False,True,True,1,1,308.52,0.822,0.032,1,0,Student,0
twdemo_000146,ijaya40,"Rust curious, Python fluent opinions are my own debugging in production (don't tell my manager) Still can't believe it's 2021 and this bug exists.",597,238,12,960,22.916666666666668,1.0833333333333333,0.6666666666666666,0.0413176996091569,False,False,True,0.786,0.301,Jaipur,Rajasthan,True,True,True,2,4,271.22,0.672,-0.0158,2,0,Developer,0
twdemo_000147,henry05,Email in bio for collabs As seen on your explore page Full-time content creator Can't believe it's already 2018.,556,156,12,935,35.083333333333336,5.166666666666667,0.5,0.07329136690647482,False,False,False,0.618,0.184,Thiruvananthapuram,Kerala,True,True,False,1,1,534.66,0.792,0.0064,2,1,Student,0
twdemo_000148,ddeol74,"Business inquiries only Collab requests welcome Email in bio for collabs So many of you asked for this, here it is. 💅",257,98,4,1632,12.75,2.5,0.0,0.05933852140077821,False,False,False,0.717,0.182,Dehradun,Uttarakhand,True,True,True,1,1,75.34,0.553,0.0301,1,0,Student,0
twdemo_000149,munshigauri702,into indie films and bad puns Grad student @ Coimbatore University Studying in Coimbatore has its perks.,604,268,9,507,34.44444444444444,6.222222222222222,0.5555555555555556,0.06824871228844738,False,False,False,0.536,0.432,Ahmedabad,Gujarat,True,True,True,3,1,352.41,0.889,-0.0027,0,1,Student,0
twdemo_000150,kkala871,collects vinyl I can't afford can't wait for Sunday gully cricket Studying at Nagpur University Studying in Bhopal has its perks.,381,104,9,2141,44.77777777777778,4.0,1.0,0.13065033537474482,False,False,False,0.514,0.477,Chandigarh,Punjab,True,True,True,3,2,167.22,0.803,0.0128,0,0,Student,0
twdemo_000151,oeshibalakrishnan,board games on weekends occasional open-source contributor Eshana — mobile engineer Sprint 85 wrapped up today. 🚀💻,331,167,7,1520,10.714285714285714,0.8571428571428571,0.0,0.03495899870522227,False,True,False,0.684,0.242,Nagpur,Maharashtra,True,True,False,1,1,298.61,0.708,0.0322,2,0,Developer,0
twdemo_000152,patrick32.life,"Online coach @ Nambiar Exports Pvt Ltd form check requests welcome Booking 1:1 sessions Week 74 of the plan, feeling stronger. 🔥🧘",20997,1954,10,1083,1955.6,92.9,105.7,0.10259560889650901,False,False,True,0.636,0.18,Chennai,Tamil Nadu,True,True,False,2,2,153.96,0.752,-0.0099,1,0,Fitness Creator,0
twdemo_000153,bchaudhuri_official,"DM me, I promise it's me I reply to my real fans personally Thank you Ekansh for the constant support. 🎬📚",162,132,15,1259,10.666666666666666,1.2,0.3333333333333333,0.07530864197530864,False,False,True,0.544,0.072,Delhi,Delhi,True,True,False,2,4,630.14,0.732,0.0033,0,1,Celebrity Impersonator,1
twdemo_000154,udara_xo,Radha | lifestyle & beauty Partner with the biggest brands Manager: link below Imaran styled this look. 💅✨,76700,267,12,876,283.5833333333333,29.416666666666668,3.4166666666666665,0.004125380269448066,False,False,False,0.622,0.422,Bhopal,Madhya Pradesh,False,True,False,2,1,2.55,0.227,0.4034,10,2,Fake Influencer,1
twdemo_000155,vanshasrinivas174,mechanical keyboard collector always shipping something small React/TypeScript enjoyer Still can't believe it's 2017 and this bug exists. 📦🐛,1040,398,10,523,93.5,8.3,2.7,0.10048076923076923,False,False,False,0.717,0.674,Noida,Uttar Pradesh,True,True,True,2,1,343.49,0.786,0.0387,0,0,Developer,0
twdemo_000156,iryasheth,"already counting days to Holi break weekend hiker, weekday procrastinator CS major, coffee minor Shoutout to Ati for the study session.",318,352,11,3179,15.909090909090908,2.8181818181818183,0.09090909090909091,0.05917667238421955,False,False,False,0.727,0.442,Guwahati,Assam,True,True,False,1,2,260.6,0.606,0.0293,1,1,Student,0
twdemo_000157,warjas69.vip,Programs linked below mobility nerd Client hit a 75 pound PR today.,14909,377,8,1596,1462.375,142.625,52.5,0.11117445838084379,False,False,True,0.845,0.382,Kochi,Kerala,True,False,True,1,1,477.11,0.807,-0.0109,1,0,Fitness Creator,0
twdemo_000158,cram.life,Shop my looks — link in bio Full-time content creator Brand deal number 42 this month. 😍,128156,344,6,35,405.6666666666667,46.166666666666664,5.0,0.003564665980003538,False,False,False,0.716,0.666,Thiruvananthapuram,Kerala,False,False,False,1,1,3.61,0.065,0.5717,9,1,Fake Influencer,1
twdemo_000159,prabhu-puri,"Community first, always Special Holi offers running now Order number 50 just shipped. 🌍✅",7642,727,20,1994,252.4,28.45,14.45,0.038641716828055485,False,True,True,0.745,0.611,Surat,Gujarat,True,True,True,1,3,527.15,0.93,0.0215,0,0,Business Account,0
twdemo_000160,best_mallickaachal54639,"Turn $10 into $1000 Check my story for proof MAKE $500/DAY FROM HOME Started in Jaipur, now everywhere. 👉",507,689,10,35,1.3,0.0,0.0,0.002564102564102564,False,False,False,0.213,0.818,Jaipur,Rajasthan,False,False,False,1,2,3.39,0.313,0.3348,0,1,Spam/Bot Account,1
twdemo_000161,obadal_official,THIS IS MY ONLY REAL ACCOUNT I reply to my real fans personally Working on something big for 2018. 💪🌟,7892,6921,11,49,61.81818181818182,2.8181818181818183,1.6363636363636365,0.008397456572824034,False,False,False,0.873,0.15,Mumbai,Maharashtra,False,True,False,2,1,0.52,0.156,0.5263,8,5,Celebrity Impersonator,1
twdemo_000162,gopalucchalworld,mobility nerd DM 'START' for coaching info Coaching 89 clients this cycle. 🔥,36563,879,8,1728,1385.5,121.5,34.375,0.04215668845554249,False,False,False,0.911,0.142,Amritsar,Punjab,False,True,True,3,2,171.09,0.908,-0.0112,2,1,Fitness Creator,0
twdemo_000163,omaja92_official,"Family-owned, Ranchi-based Custom orders welcome 87 orders packed and ready to go.",43595,104,13,545,439.7692307692308,24.53846153846154,2.3846153846153846,0.01070517966951044,False,False,False,0.656,0.706,Surat,Gujarat,False,False,False,2,2,3.95,0.085,0.2229,7,5,Fake Influencer,1
twdemo_000164,ijayawalla134,"Get verified fast, DM now Comment 'ME' below Limited spots left!! Started in Kochi, now everywhere. 💯",488,268,10,2705,25.8,2.4,0.6,0.05901639344262295,False,True,True,0.654,0.612,Pune,Maharashtra,True,True,False,3,3,677.39,0.726,-0.018,1,0,Developer,0
twdemo_000165,thaker-bhardwaj,"DM us for inquiries Proudly independent Based out of Nagpur, shipping everywhere. 🌍",4219,169,8,3011,88.125,3.75,1.375,0.022102393932211424,False,True,True,0.722,0.193,Kanpur,Uttar Pradesh,True,True,False,1,4,18.03,0.592,0.0488,2,0,Business Account,0
twdemo_000166,radhayohannan_life,"Kiaan — movement is medicine believer in progressive overload Tagging Karan, my training partner today. 🥗",14638,1282,13,1582,867.0,106.0,21.692307692307693,0.06795274680231642,False,True,False,0.842,0.339,Kochi,Kerala,True,False,False,2,4,339.35,0.818,0.0474,2,1,Fitness Creator,0
twdemo_000167,rushilborahlife,"Free workout guide in bio 5am workouts, no excuses Week 14 of the plan, feeling stronger.",7938,7399,7,280,53.714285714285715,3.4285714285714284,0.0,0.007198646654428968,False,True,False,0.506,0.4,Kanpur,Uttar Pradesh,False,True,False,1,1,1.37,0.292,0.0672,11,2,Fitness Creator,0
twdemo_000168,rachanarau.official,"Ignore the other fake pages Not a bot, it's really me 84 years in this industry now.",24884,33133,7,410,201.85714285714286,24.0,1.2857142857142858,0.009128068523664087,False,False,False,0.619,0.053,Kanpur,Uttar Pradesh,False,False,False,2,2,3.68,0.094,0.1659,11,4,Celebrity Impersonator,1
twdemo_000169,promo_kabirkakar99744,Booking 1:1 sessions macro-friendly recipes on the blog 66 minutes of mobility work this morning.,8548,719,10,2665,258.3,27.8,16.0,0.035341600374356574,False,False,True,0.807,0.387,Hyderabad,Telangana,True,True,False,3,4,696.33,0.662,-0.0162,2,0,Spam/Bot Account,1
twdemo_000170,win_xshenoy26292,psych major who overthinks everything Grad student @ Mumbai University Officially 81 credits away from graduating.,135,126,8,120,1.875,0.0,0.0,0.013888888888888888,False,False,False,0.199,0.844,Pune,Maharashtra,False,True,False,1,2,1.9,0.278,0.2112,8,3,Spam/Bot Account,1
twdemo_000171,bmane1,"Ignore the other fake pages Direct message me here for business Since 2015, the journey continues.",3613,2646,8,352,109.25,4.75,1.375,0.03193329642955992,False,False,False,0.703,0.026,Surat,Gujarat,True,False,False,2,2,2.29,0.291,0.5574,6,4,Celebrity Impersonator,1
twdemo_000172,gagan89.official,"amateur baker, professional snacker trying to survive finals week Currently 20 cups of coffee deep today. ☕",3997,4820,8,192,100.375,7.375,0.875,0.027176632474355766,False,False,False,0.818,0.126,Amritsar,Punjab,True,False,False,2,1,0.26,0.084,0.5076,10,4,Celebrity Impersonator,1
twdemo_000173,echaudhari,"Rust curious, Python fluent debugging in production (don't tell my manager) always shipping something small Standup update: 15 things fixed today.",4430,4243,12,288,8.5,0.4166666666666667,0.0,0.0020127915726109854,False,False,False,0.825,0.484,Coimbatore,Tamil Nadu,False,True,False,2,1,1.64,0.202,0.1086,5,3,Developer,0
twdemo_000174,inaya52life,swapped fried snacks for home-cooked filter coffee Free workout guide in bio Client hit a 40 pound PR today. 🔥🧘,39546,1024,5,3133,3060.6,370.8,80.4,0.0888029130632681,False,False,False,0.938,0.374,Ranchi,Jharkhand,True,True,True,3,3,235.5,0.654,0.0045,0,0,Fitness Creator,0
twdemo_000175,ram_mann_and_om,"Made in India, made with love Booking now for 2016 Small business, big heart Team huddle today covered 68 new ideas.",386,504,9,64,1.1111111111111112,0.0,0.0,0.0028785261945883708,False,False,False,0.366,0.2,Gurugram,Haryana,False,False,False,1,2,3.82,0.198,0.1957,2,2,Business Account,0
twdemo_000176,rehaan28.life,Pranit — movement is medicine DM 'START' for coaching info mobility nerd Client hit a 92 pound PR today.,10630,817,8,724,797.375,51.625,54.625,0.08500705550329257,False,True,False,0.595,0.559,Mumbai,Maharashtra,True,True,False,3,2,166.61,0.65,-0.0041,0,0,Fitness Creator,0
twdemo_000177,amritabiswas139,just trying to pass exams trying to survive finals week plays intramural soccer badly Number 3 on my to-do list: sleep.,167,178,8,1359,7.375,1.25,0.25,0.0531437125748503,False,False,True,0.611,0.313,Kochi,Kerala,True,False,False,3,4,627.49,0.693,-0.0175,0,1,Student,0
twdemo_000178,grana,"Full-time student, part-time dreamer weekend hiker, weekday procrastinator Shoutout to Yatan for the study session. 🌟",4566,3993,6,393,84.83333333333333,4.0,1.6666666666666667,0.019820411738939992,False,False,False,0.608,0.506,Kanpur,Uttar Pradesh,False,False,False,1,2,1.46,0.089,0.3368,6,0,Student,0
twdemo_000179,akoshy_life,Booking 1:1 sessions Ethan — movement is medicine Training out of Bhopal this week. 🔥🥗,20081,1746,6,905,1295.6666666666667,168.33333333333334,86.0,0.07718739106618196,False,True,True,0.686,0.439,Bhopal,Madhya Pradesh,True,True,False,1,3,584.26,0.948,0.0456,0,1,Fitness Creator,0
twdemo_000180,shethabhimanyu,opinions are my own React/TypeScript enjoyer Working out of Noida this 2015. ☕,5390,306,8,2857,288.25,24.25,5.0,0.05890538033395176,False,True,True,0.81,0.394,Vadodara,Gujarat,True,True,False,2,4,666.08,0.821,0.0292,1,1,Developer,0
twdemo_000181,xalakvasaglow,"Manager: link below Brand deals only, please Outfit number 63 of the week.",16733,573,13,3382,544.8461538461538,62.84615384615385,16.384615384615383,0.03729617660174045,False,True,True,0.83,0.162,Gurugram,Haryana,True,True,False,3,1,578.54,0.628,0.0136,0,0,Fitness Creator,0
twdemo_000182,rkuruvilla366,opinions are my own coffee-powered Frontend dev who loves CSS more than I should PR number 21 finally merged.,24885,320,15,818,218.13333333333333,15.866666666666667,0.8,0.009435402853124372,False,True,False,0.522,0.305,Bengaluru,Karnataka,False,False,False,2,2,0.66,0.189,0.3254,5,5,Developer,0
twdemo_000183,indrajitbhagat_real,"THIS IS MY ONLY REAL ACCOUNT DM me, I promise it's me Since 2015, the journey continues.",1856,2739,12,435,32.083333333333336,2.0833333333333335,0.6666666666666666,0.018767959770114945,False,False,False,0.588,0.128,Pune,Maharashtra,False,False,False,2,1,3.53,0.093,0.5668,9,6,Celebrity Impersonator,1
twdemo_000184,yashvibasak_real,"My verified account got hacked, this is the new one DM me, I promise it's me",8474,6017,9,152,160.66666666666666,11.11111111111111,4.222222222222222,0.02076941232003776,False,False,False,0.743,0.098,Amritsar,Punjab,True,True,False,2,1,2.62,0.212,0.376,7,6,Celebrity Impersonator,1
twdemo_000185,libnidasguptaxo,"Shop my looks — link in bio Brand deals only, please Trip number 31 this year, no complaints. 💅",73774,233,9,302,482.55555555555554,17.555555555555557,2.6666666666666665,0.006815108002518201,False,True,False,0.437,0.758,Coimbatore,Tamil Nadu,False,True,False,2,2,0.53,0.263,0.2452,5,4,Fake Influencer,1
twdemo_000186,nayarsathvik.vip,"Living my best life ✈️ As seen on your explore page Email in bio for collabs So many of you asked for this, here it is. 🌴📸",68005,174,16,529,129.1875,9.5625,0.5625,0.002048562605690758,False,True,False,0.69,0.791,Bengaluru,Karnataka,False,False,True,2,2,2.19,0.248,0.1964,7,4,Fake Influencer,1
twdemo_000187,nairchaturaglow,Certified personal trainer mobility nerd Training out of Noida this week.,10372,680,16,1917,1177.1875,114.625,33.0,0.12772970497493252,False,False,False,0.714,0.212,Thiruvananthapuram,Kerala,True,True,False,3,1,137.96,0.775,0.0175,2,0,Fitness Creator,0
twdemo_000188,shanirya1,THIS IS MY ONLY REAL ACCOUNT Direct message me here for business Thank you Ishaan for the constant support.,3009,2576,12,66,22.333333333333332,2.0833333333333335,0.0,0.008114545253129499,False,False,False,0.716,0.097,Kolkata,West Bengal,False,False,False,1,1,0.58,0.314,0.1516,6,1,Celebrity Impersonator,1
twdemo_000189,daksheshkhatri_xo,"Manager: link below Turning passion into a career As seen on your explore page Tagging Isaiah, my glam team today.",14402,637,14,533,22.5,1.1428571428571428,0.2857142857142857,0.0016614755887079174,False,True,False,0.752,0.775,Lucknow,Uttar Pradesh,False,False,False,2,2,3.7,0.233,0.2264,8,6,Fake Influencer,1
twdemo_000190,khuranajonathan_world,"Online coach @ Krishnan Cloud Systems 5am workouts, no excuses Coaching 12 clients this cycle.",8788,468,20,2290,664.25,65.05,42.65,0.08784137460172962,False,True,False,0.868,0.331,Mysuru,Karnataka,True,True,False,3,4,461.45,0.906,-0.0168,1,0,Fitness Creator,0
twdemo_000191,manyanaik,obsessed with true crime podcasts already counting days to Navratri break Officially 87 credits away from graduating.,599,287,13,1212,25.384615384615383,4.461538461538462,0.23076923076923078,0.05021189161422884,False,False,False,0.511,0.414,Surat,Gujarat,True,True,False,2,1,462.4,0.55,-0.0025,2,0,Student,0
twdemo_000192,jacksongara,"Manager: link below Partner with the biggest brands Tagging Bhavna, my glam team today. 🌴",452,247,8,2375,27.875,3.25,0.75,0.07051991150442478,False,False,False,0.781,0.425,Kanpur,Uttar Pradesh,True,True,False,2,3,642.58,0.724,-0.0067,0,1,Student,0
twdemo_000193,zbath,always shipping something small Full-stack developer Standup update: 65 things fixed today.,1149,382,9,3282,73.33333333333333,6.333333333333333,1.3333333333333333,0.07049608355091383,False,False,False,0.591,0.546,Lucknow,Uttar Pradesh,True,True,False,1,1,272.69,0.673,0.0491,1,0,Developer,0
twdemo_000194,devanshbehl.world,DM 'START' for coaching info recovering cardio-phobe turned lifter Coaching 5 clients this cycle. 🥗,23675,743,12,2904,2373.0833333333335,405.4166666666667,129.75,0.12284054910242873,False,False,False,0.594,0.253,Thiruvananthapuram,Kerala,True,False,True,3,4,494.11,0.834,0.0451,1,1,Fitness Creator,0
twdemo_000195,ikbalraj_fanpage,Follow this account only THIS IS MY ONLY REAL ACCOUNT Thank you Faras for the constant support.,3985,5723,10,353,21.2,2.2,0.5,0.005997490589711417,False,False,False,0.566,0.145,Delhi,Delhi,False,True,False,2,1,1.75,0.261,0.3168,1,1,Celebrity Impersonator,1
twdemo_000196,get_udyati0521251,Tap the link before it's gone Win a free iPhone today DM me 'INFO' now Over 35 people already joined this week. 🎁🔥,185,221,9,51,0.2222222222222222,0.0,0.0,0.0012012012012012011,False,True,False,0.165,0.818,Dehradun,Uttarakhand,False,False,False,1,2,1.49,0.16,0.4331,11,4,Spam/Bot Account,1
twdemo_000197,veernatarajan722,side-project addict Building things at Khanna Digital Marketing React/TypeScript enjoyer 96 tabs of documentation open right now.,816,63,17,2375,67.94117647058823,7.588235294117647,1.8823529411764706,0.09486735870818915,False,False,True,0.557,0.459,Guwahati,Assam,False,True,False,2,4,197.07,0.899,0.0386,0,0,Developer,0
twdemo_000198,nath-wali,Woman-owned & operated Handmade goods from Coimbatore Shoutout to our 83th customer this week.,2724,480,4,2947,125.5,8.75,3.0,0.05038546255506608,False,True,True,0.86,0.083,Surat,Gujarat,True,True,False,1,3,132.03,0.663,0.0541,0,0,Business Account,0
twdemo_000199,get_jaishah48346,Follow for a shoutout!! Free crypto signals daily 🎁,6874,422,12,3380,621.3333333333334,61.083333333333336,14.583333333333334,0.10139656677334886,False,False,False,0.608,0.69,Thiruvananthapuram,Kerala,True,True,True,1,3,410.29,0.682,-0.0112,0,0,Spam/Bot Account,1
twdemo_000200,ladlikapadia477,"counting down to graduation Full-time student, part-time dreamer CS major, coffee minor Somewhere in Dehradun, probably procrastinating.",413,300,13,2788,29.076923076923077,2.0,1.0769230769230769,0.07785434904078972,False,False,False,0.556,0.356,Gurugram,Haryana,True,True,False,1,1,717.51,0.579,0.0189,1,0,Student,0
