platform,username,archetype,is_fake
instagram,bkennedy,Student,0
instagram,qstevens_life,Fake Influencer,1
instagram,jason36.life,Fake Influencer,1
instagram,umatthews,Student,0
instagram,bhubbard,Developer,0
instagram,megan13,Developer,0
instagram,markcochranco,Fitness Creator,0
instagram,adrianalee.xo,Fake Influencer,1
instagram,ywilson_verified,Celebrity Impersonator,1
instagram,guerreropatrick788,Student,0
instagram,mcdaniellisa_real,Celebrity Impersonator,1
instagram,meghanschwartz_real,Celebrity Impersonator,1
instagram,vlittle_life,Fake Influencer,1
instagram,top_catherine9718207,Spam Account,1
instagram,smatthews,Developer,0
instagram,odrake_verified,Celebrity Impersonator,1
instagram,lpowers670,Student,0
instagram,harrington_ltd,Business Account,0
instagram,win_rgarcia81607,Spam Account,1
instagram,james77149,Student,0
instagram,ghancock,Student,0
instagram,daniel96.vip,Fake Influencer,1
instagram,cherylboydlife,Fake Influencer,1
instagram,wheeler_butler_and_gates,Business Account,0
instagram,daniel29,Developer,0
instagram,official_veronica3563461,Spam Account,1
instagram,rodriguez-webster,Business Account,0
instagram,jackson_white_and_wilson,Business Account,0
instagram,cynthia70.life,Fitness Creator,0
instagram,wigginsamy_xo,Fake Influencer,1
instagram,hunterashley.official,Fake Influencer,1
instagram,cook_mercado_and_carter,Business Account,0
instagram,official_jacobrodriguez2652,Spam Account,1
instagram,jclark_life,Fake Influencer,1
instagram,xrhodesvip,Fitness Creator,0
instagram,calebwheeler_verified,Celebrity Impersonator,1
instagram,david35_official,Celebrity Impersonator,1
instagram,top_egolden48167,Spam Account,1
instagram,shop_caitlinevans34294,Spam Account,1
instagram,top_hollandedward1283,Spam Account,1
instagram,top_lewiskathryn16833,Spam Account,1
instagram,fbell_verified,Celebrity Impersonator,1
instagram,colin101,Celebrity Impersonator,1
instagram,vanessa27_real,Celebrity Impersonator,1
instagram,danielsteelelife,Fitness Creator,0
instagram,aaron371,Celebrity Impersonator,1
instagram,justinbird_world,Fake Influencer,1
instagram,christophergonzalez.life,Fitness Creator,0
instagram,williamwells,Student,0
instagram,tdillonxo,Fake Influencer,1
instagram,seth66,Student,0
instagram,sblackwellvip,Fitness Creator,0
instagram,fisher_cruz_and_smith,Business Account,0
instagram,brandon76_official,Celebrity Impersonator,1
instagram,patricia63_verified,Celebrity Impersonator,1
instagram,holmes_mullins_and_rober,Business Account,0
instagram,williamsonjamie_hq,Celebrity Impersonator,1
instagram,lisapollard,Student,0
instagram,martin_inc,Business Account,0
instagram,lindajordanco,Fake Influencer,1
instagram,harry78,Developer,0
instagram,ryanangela,Developer,0
instagram,win_mckayashley60229,Spam Account,1
instagram,ricardosanchez622,Developer,0
instagram,piercejake_real,Celebrity Impersonator,1
instagram,davidgreen.co,Fake Influencer,1
instagram,sarah49_verified,Celebrity Impersonator,1
instagram,adriana98_fanpage,Celebrity Impersonator,1
instagram,cisnerosbelinda,Student,0
instagram,stevenrandall_hq,Celebrity Impersonator,1
instagram,michaeldurham,Developer,0
instagram,jordanlopez.vip,Fake Influencer,1
instagram,bmartinez264,Developer,0
instagram,evans_brown_and_watkins,Business Account,0
instagram,welch-cunningham,Business Account,0
instagram,liuandrewvip,Fitness Creator,0
instagram,davidprice,Student,0
instagram,zkellylife,Fitness Creator,0
instagram,michaelpotterglow,Fitness Creator,0
instagram,win_matthew0145352,Spam Account,1
instagram,real_karlaturner54319,Spam Account,1
instagram,macias_llc,Business Account,0
instagram,anderson-garza,Business Account,0
instagram,moreno-colon,Business Account,0
instagram,riley-evans,Business Account,0
instagram,scott80life,Fitness Creator,0
instagram,beckermelissa1,Celebrity Impersonator,1
instagram,richard88official,Fake Influencer,1
instagram,marshalltravis287,Developer,0
instagram,vazquez_walker_and_byrd,Business Account,0
instagram,wheeler-rodriguez,Business Account,0
instagram,morgan_group,Business Account,0
instagram,angela26596,Developer,0
instagram,robertsjames,Developer,0
instagram,hansenlorettaxo,Fake Influencer,1
instagram,efrey,Student,0
instagram,the_kenneth4756962,Spam Account,1
instagram,promo_franklin7066616,Spam Account,1
instagram,haley32,Developer,0
instagram,jsmith.xo,Fake Influencer,1
instagram,zscott542,Developer,0
instagram,stone_hill_and_wright,Business Account,0
instagram,xkelly.official,Fake Influencer,1
instagram,cantujesse,Student,0
instagram,petersonjessica,Developer,0
instagram,wood_johnson_and_walker,Business Account,0
instagram,gonzalezlisa.co,Fitness Creator,0
instagram,phillips_ltd,Business Account,0
instagram,bridgesdanielworld,Fake Influencer,1
instagram,donald09.life,Fitness Creator,0
instagram,tonyarice.co,Fitness Creator,0
instagram,omyers.official,Fitness Creator,0
instagram,sherryallen533,Developer,0
instagram,timothyspencer618,Student,0
instagram,kmeyer.xo,Fitness Creator,0
instagram,david40.glow,Fitness Creator,0
instagram,win_heather3768384,Spam Account,1
instagram,shawn63,Student,0
instagram,renee01.official,Fake Influencer,1
instagram,uatkinson,Developer,0
instagram,jones_ltd,Business Account,0
instagram,shop_drios82000,Spam Account,1
instagram,free_bartonbrenda58202,Spam Account,1
instagram,kevinpadilla_glow,Fitness Creator,0
instagram,free_jalvarez85604,Spam Account,1
instagram,martinez_llc,Business Account,0
instagram,rweaverglow,Fitness Creator,0
instagram,michelle85,Student,0
instagram,paulpoole.co,Fake Influencer,1
instagram,uturner_official,Celebrity Impersonator,1
instagram,leehannah,Developer,0
instagram,mercedespalmerlife,Fitness Creator,0
instagram,charlesschaefer,Student,0
instagram,christopher24xo,Fitness Creator,0
instagram,williamsdaniel352,Student,0
instagram,ortizcharles432,Developer,0
instagram,jonathanwalker_official,Celebrity Impersonator,1
instagram,rachelgonzalez934,Student,0
instagram,hinessara,Student,0
instagram,miller-peck,Business Account,0
instagram,griffin_ltd,Business Account,0
instagram,cookjoseco,Fake Influencer,1
instagram,hannah74_real,Celebrity Impersonator,1
instagram,green_inc,Business Account,0
instagram,harrell_brown_and_young,Business Account,0
instagram,amysalazar,Developer,0
instagram,valerie67148,Developer,0
instagram,rbrady776,Developer,0
instagram,bjones,Student,0
instagram,stephaniezavala,Developer,0
instagram,vaughn-whitney,Business Account,0
instagram,maryfinley,Developer,0
instagram,catherinemathews.co,Fitness Creator,0
instagram,win_ugalvan98096,Spam Account,1
instagram,michele12_world,Fake Influencer,1
instagram,free_yorkrobin65689,Spam Account,1
instagram,deborahowenxo,Fake Influencer,1
instagram,gonzalezdiane,Student,0
instagram,meltonleslielife,Fitness Creator,0
instagram,thomas_chase_and_miller,Business Account,0
instagram,ogray932,Student,0
instagram,church-santos,Business Account,0
instagram,rwilliams_verified,Celebrity Impersonator,1
instagram,earcher_co,Fitness Creator,0
instagram,fred69733,Developer,0
instagram,ssteele.world,Fake Influencer,1
instagram,eross_hq,Celebrity Impersonator,1
instagram,randall14_vip,Fitness Creator,0
instagram,top_johnmartinez51870,Spam Account,1
instagram,xbowen.co,Fake Influencer,1
instagram,pauldavisworld,Fitness Creator,0
instagram,ffloyd295,Student,0
instagram,abrown_life,Fitness Creator,0
instagram,michael10,Student,0
instagram,wthomas_life,Fitness Creator,0
instagram,zjones_fanpage,Celebrity Impersonator,1
instagram,joshua09,Student,0
instagram,jenniferhess_real,Celebrity Impersonator,1
instagram,win_paulaenglish59571,Spam Account,1
instagram,klamb,Student,0
instagram,zpierceofficial,Fake Influencer,1
instagram,official_marquezashley84747,Spam Account,1
instagram,michelle91,Student,0
instagram,nmiller986,Developer,0
instagram,jenkinsleroy656,Developer,0
instagram,michaelli,Developer,0
instagram,the_calvin8011230,Spam Account,1
instagram,real_scottsandra48783,Spam Account,1
instagram,chrismarquez2,Developer,0
instagram,thomas87290,Student,0
instagram,westthomas_hq,Celebrity Impersonator,1
instagram,whitecharlesco,Fitness Creator,0
instagram,heathermartin,Student,0
instagram,shop_alexanderschultz81657,Spam Account,1
instagram,stonekristen,Developer,0
instagram,win_louis1114186,Spam Account,1
instagram,millerpaul.official,Fitness Creator,0
instagram,best_stephenvazquez91381,Spam Account,1
instagram,johnson-moore,Business Account,0
instagram,tyler91vip,Fitness Creator,0
facebook,xstevens_co,Fake Influencer,1
facebook,vasquez_doyle_and_richar,Business Page,0
facebook,stevensteinlife,Fitness Creator,0
facebook,larson_and_sons,Business Page,0
facebook,zachary74798,Developer,0
facebook,kgibbs,Developer,0
facebook,wilson-henry,Business Page,0
facebook,real_thomasbuchanan47480,Spam Account,1
facebook,robert17.official,Celebrity Impersonator,1
facebook,cole-thompson,Business Page,0
facebook,conwaykyle937,Student,0
facebook,hlarsen,Developer,0
facebook,tdavis183,Student,0
facebook,sandra55life,Fitness Creator,0
facebook,lisamiller_xo,Fitness Creator,0
facebook,lynnsarahofficial,Fitness Creator,0
facebook,get_xwright43984,Spam Account,1
facebook,official_reynoldsglenn40157,Spam Account,1
facebook,htorres_official,Fitness Creator,0
facebook,garcialisaofficial,Fitness Creator,0
facebook,the_melvin0712589,Spam Account,1
facebook,kristinelester.vip,Fitness Creator,0
facebook,lisa08,Developer,0
facebook,ifisher_hq,Celebrity Impersonator,1
facebook,adamkim,Student,0
facebook,turnerrobin.life,Fake Influencer,1
facebook,iburton,Catfish/Romance-Scam Profile,1
facebook,jenniferperez_glow,Fitness Creator,0
facebook,donovan-patterson,Business Page,0
facebook,hopkinsnathan47,Student,0
facebook,steven87_xo,Fitness Creator,0
facebook,henry_martinez_and_smith,Business Page,0
facebook,yglenn989,Student,0
facebook,ngreen,Catfish/Romance-Scam Profile,1
facebook,timothybailey,Student,0
facebook,claytonjenna.co,Fake Influencer,1
facebook,cynthiajohnston,Developer,0
facebook,gschultz_xo,Fitness Creator,0
facebook,mlewis4,Catfish/Romance-Scam Profile,1
facebook,shawjames_hq,Celebrity Impersonator,1
facebook,ywulife,Fitness Creator,0
facebook,rogersstephanie,Student,0
facebook,real_rachel9527860,Spam Account,1
facebook,get_taylor8858410,Spam Account,1
facebook,win_vchapman46035,Spam Account,1
facebook,arellano_plc,Business Page,0
facebook,jason08483,Developer,0
facebook,walshchristopher,Catfish/Romance-Scam Profile,1
facebook,bruce75,Student,0
facebook,denise00.vip,Fitness Creator,0
facebook,brandondeleon_official,Fitness Creator,0
facebook,rmorris,Catfish/Romance-Scam Profile,1
facebook,williams_taylor_and_mayn,Business Page,0
facebook,morris_ashley_and_delacr,Business Page,0
facebook,michael32,Catfish/Romance-Scam Profile,1
facebook,webbdarrell_vip,Fitness Creator,0
facebook,oliviasmith_glow,Fitness Creator,0
facebook,jessica29_verified,Celebrity Impersonator,1
facebook,browntheresa,Student,0
facebook,xburke,Developer,0
facebook,williamswesleyco,Fake Influencer,1
facebook,bush_and_sons,Business Page,0
facebook,john43life,Fitness Creator,0
facebook,allen-stewart,Business Page,0
facebook,rodriguez_hill_and_fishe,Business Page,0
facebook,rileypeggy.co,Fitness Creator,0
facebook,best_jasmine2484127,Spam Account,1
facebook,rickeystephens694,Student,0
facebook,cmaldonado_verified,Celebrity Impersonator,1
facebook,murrayjessica,Developer,0
facebook,best_andrew6713944,Spam Account,1
facebook,justinlane513,Developer,0
facebook,robertsonscott,Developer,0
facebook,robertsrobert_world,Fake Influencer,1
facebook,xross,Student,0
facebook,the_scott4225399,Spam Account,1
facebook,grace43.official,Fitness Creator,0
facebook,knapp_anderson_and_smith,Business Page,0
facebook,christiedavis,Student,0
facebook,sarah92786,Developer,0
facebook,gregory86,Student,0
facebook,zbrown,Student,0
facebook,camposcheyenne499,Catfish/Romance-Scam Profile,1
facebook,victoriareyes,Student,0
facebook,valvarez347,Developer,0
facebook,joycekevin420,Developer,0
facebook,alexandrawalker,Catfish/Romance-Scam Profile,1
facebook,espinozalaurie,Developer,0
facebook,pdouglas_life,Fitness Creator,0
facebook,ksmith,Developer,0
facebook,ochoa-hughes,Business Page,0
facebook,carter_group,Business Page,0
facebook,roy53,Developer,0
facebook,michael57.life,Fitness Creator,0
facebook,htrujillo,Student,0
facebook,alvarez_holden_and_morri,Business Page,0
facebook,carroll_sullivan_and_ale,Business Page,0
facebook,flowerskelly56,Developer,0
facebook,nweber_glow,Fake Influencer,1
facebook,get_paul5444515,Spam Account,1
facebook,beck-compton,Business Page,0
facebook,official_qrice91574,Spam Account,1
facebook,ghanson,Catfish/Romance-Scam Profile,1
facebook,morganleslie.glow,Fitness Creator,0
facebook,walton_plc,Business Page,0
facebook,top_xmccall67986,Spam Account,1
facebook,lawsonmadison638,Catfish/Romance-Scam Profile,1
facebook,david08_xo,Fake Influencer,1
facebook,danielle23.world,Fitness Creator,0
facebook,karen64,Catfish/Romance-Scam Profile,1
facebook,wendy63,Developer,0
facebook,austin10world,Fitness Creator,0
facebook,lstout,Student,0
facebook,get_bowmanthomas39211,Spam Account,1
facebook,martinmartin,Student,0
facebook,gjames,Developer,0
facebook,jpatel,Developer,0
facebook,tanyajohnson_real,Celebrity Impersonator,1
facebook,sandovalkatherine,Student,0
facebook,gibsondiana,Developer,0
facebook,poole_inc,Business Page,0
facebook,chapmanlisa_official,Fake Influencer,1
facebook,ortiz-costa,Business Page,0
facebook,dcastillo_official,Celebrity Impersonator,1
facebook,top_lmayer64846,Spam Account,1
facebook,patrick04,Developer,0
facebook,jwood_official,Fake Influencer,1
facebook,currydaniel,Catfish/Romance-Scam Profile,1
facebook,portermartin,Developer,0
facebook,seanyoung,Developer,0
facebook,frostmichael_fanpage,Celebrity Impersonator,1
facebook,tyronemooreworld,Fake Influencer,1
facebook,ledwards.glow,Fake Influencer,1
facebook,black-wyatt,Business Page,0
facebook,jacobssandra,Catfish/Romance-Scam Profile,1
facebook,fernandoscott50,Student,0
facebook,zamora_mcbride_and_jones,Business Page,0
facebook,sharpernest.world,Fake Influencer,1
facebook,claudia90,Catfish/Romance-Scam Profile,1
facebook,omartinez.co,Fake Influencer,1
facebook,sethhicks,Student,0
facebook,iroberts,Student,0
facebook,get_josephsanchez59013,Spam Account,1
facebook,paulmunozco,Fake Influencer,1
facebook,sarah37_official,Celebrity Impersonator,1
facebook,clark_johnson_and_herrer,Business Page,0
facebook,hknight,Student,0
facebook,tammysmith_official,Fitness Creator,0
facebook,martindebra471,Catfish/Romance-Scam Profile,1
facebook,halecarolyn_real,Celebrity Impersonator,1
facebook,veronicavazquez,Catfish/Romance-Scam Profile,1
facebook,tchristian_glow,Fitness Creator,0
facebook,zdavis_world,Fake Influencer,1
facebook,micheal70_real,Celebrity Impersonator,1
facebook,brian39434,Student,0
facebook,hamiltonchristopher_real,Celebrity Impersonator,1
facebook,robin32_fanpage,Celebrity Impersonator,1
facebook,alexandrabaileyco,Fake Influencer,1
facebook,danielle92.official,Celebrity Impersonator,1
facebook,cherylbrown,Catfish/Romance-Scam Profile,1
facebook,carlsonadam_official,Fitness Creator,0
facebook,gailherrera_real,Celebrity Impersonator,1
facebook,sharonreeves,Developer,0
facebook,batesrhondaglow,Fake Influencer,1
facebook,holt_munoz_and_patrick,Business Page,0
facebook,williamsonkellie,Developer,0
facebook,frobinson585,Student,0
facebook,tbell_glow,Fitness Creator,0
facebook,ginajones,Student,0
facebook,lynchandrew289,Catfish/Romance-Scam Profile,1
facebook,blankenship_group,Business Page,0
facebook,shelley53,Developer,0
facebook,bsmith.glow,Fitness Creator,0
facebook,courtney47_official,Fake Influencer,1
facebook,allisonwilliams677,Catfish/Romance-Scam Profile,1
facebook,blackwellkevin,Developer,0
facebook,glenn52,Student,0
facebook,allenaprilworld,Fitness Creator,0
facebook,brownregina,Developer,0
facebook,promo_gomezrobin99459,Spam Account,1
facebook,best_wkim37698,Spam Account,1
facebook,bianca69148,Student,0
facebook,ashley27,Catfish/Romance-Scam Profile,1
facebook,cody24,Developer,0
facebook,marquezmichael_hq,Celebrity Impersonator,1
facebook,official_tayloralicia934,Spam Account,1
facebook,adam09_verified,Celebrity Impersonator,1
facebook,dsmith_world,Fake Influencer,1
facebook,hmoreno_hq,Celebrity Impersonator,1
facebook,free_uphillips12245,Spam Account,1
facebook,jamescindy,Student,0
facebook,warren-gomez,Business Page,0
facebook,mwest.glow,Fitness Creator,0
facebook,lowe_erickson_and_hamilt,Business Page,0
facebook,browndale1,Celebrity Impersonator,1
facebook,smith-sullivan,Business Page,0
facebook,martin_ltd,Business Page,0
facebook,brentlopez,Student,0
facebook,jerry62_glow,Fake Influencer,1
facebook,htaylor_fanpage,Celebrity Impersonator,1
linkedin,esparzaabigail,Consultant,0
linkedin,ecoleman,Developer,0
linkedin,rcruz,Developer,0
linkedin,logan48_real,Fake Executive Impersonator,1
linkedin,barnessteven,Student,0
linkedin,sanchezrachel259,Consultant,0
linkedin,real_tammy9145646,Spam/Bot Account,1
linkedin,cabrera-martinez,Business/Company Page,0
linkedin,best_hardyjeffrey13639,Spam/Bot Account,1
linkedin,johnson_cole_and_warren,Business/Company Page,0
linkedin,lori52_official,Fake Executive Impersonator,1
linkedin,eugenelang922,Developer,0
linkedin,the_murphyjames3760,Spam/Bot Account,1
linkedin,david99,Developer,0
linkedin,ghuff,Consultant,0
linkedin,boone_nguyen_and_miller,Business/Company Page,0
linkedin,hillannette,Student,0
linkedin,promo_asmith41980,Spam/Bot Account,1
linkedin,taylor52_verified,Fake Executive Impersonator,1
linkedin,ronald96,Consultant,0
linkedin,moon_edwards_and_diaz,Business/Company Page,0
linkedin,get_lamrobert59091,Spam/Bot Account,1
linkedin,miller-taylor,Business/Company Page,0
linkedin,sjimenez_real,Fake Executive Impersonator,1
linkedin,win_billhoward42298,Fake Recruiter,1
linkedin,ballkimberly,Consultant,0
linkedin,free_rickey9133541,Spam/Bot Account,1
linkedin,robertson_walters_and_mi,Business/Company Page,0
linkedin,darlene69_official,Fake Executive Impersonator,1
linkedin,lawrence_ltd,Business/Company Page,0
linkedin,ramsey-ford,Business/Company Page,0
linkedin,hintonmelissa601,Consultant,0
linkedin,vbowen,Student,0
linkedin,regina49,Consultant,0
linkedin,get_seanrodriguez25866,Fake Recruiter,1
linkedin,top_raymond0132929,Fake Recruiter,1
linkedin,justin20_real,Fake Executive Impersonator,1
linkedin,roberta36,Student,0
linkedin,kennethbaker,Student,0
linkedin,shanemorgan,Developer,0
linkedin,silva-williams,Business/Company Page,0
linkedin,barry_plc,Business/Company Page,0
linkedin,ortegajoseph832,Student,0
linkedin,matthew17,Consultant,0
linkedin,jbowers300,Student,0
linkedin,jacobrios,Consultant,0
linkedin,jeffrey77,Developer,0
linkedin,kwilson,Student,0
linkedin,bryan08,Student,0
linkedin,free_bodonnell55420,Fake Recruiter,1
linkedin,official_adam6693518,Spam/Bot Account,1
linkedin,shaffersamuel,Student,0
linkedin,costa_group,Business/Company Page,0
linkedin,stanton-walters,Business/Company Page,0
linkedin,donald60,Student,0
linkedin,sara92_real,Fake Executive Impersonator,1
linkedin,best_amy4782699,Fake Recruiter,1
linkedin,nolanbecky,Consultant,0
linkedin,top_margaretbarnes59946,Fake Recruiter,1
linkedin,johnsandoval,Consultant,0
linkedin,garyacevedo_fanpage,Fake Executive Impersonator,1
linkedin,top_madisonjackson83896,Fake Recruiter,1
linkedin,official_jennifer1896206,Spam/Bot Account,1
linkedin,molina_and_sons,Business/Company Page,0
linkedin,griley,Consultant,0
linkedin,dean84391,Developer,0
linkedin,patrick56,Student,0
linkedin,vrussell,Student,0
linkedin,hnelson,Consultant,0
linkedin,johnnykeller860,Student,0
linkedin,martinnixon,Consultant,0
linkedin,jrocha,Student,0
linkedin,hawkinsbianca,Consultant,0
linkedin,top_zhughes6243,Fake Recruiter,1
linkedin,haledaniel,Developer,0
linkedin,rachelwyatt1,Fake Executive Impersonator,1
linkedin,iwalker_official,Fake Executive Impersonator,1
linkedin,wade-torres,Business/Company Page,0
linkedin,andersonmark_official,Fake Executive Impersonator,1
linkedin,ndouglas,Consultant,0
linkedin,hweber,Consultant,0
linkedin,shop_smithrebecca74898,Fake Recruiter,1
linkedin,green_ford_and_butler,Business/Company Page,0
linkedin,best_tammybrown71938,Fake Recruiter,1
linkedin,mtaylor_hq,Fake Executive Impersonator,1
linkedin,sutton-bryan,Business/Company Page,0
linkedin,lsampson,Consultant,0
linkedin,amyhernandez,Student,0
linkedin,mary43,Developer,0
linkedin,donsimpson714,Consultant,0
linkedin,hollowayandrea606,Consultant,0
linkedin,free_oconnorkyle61449,Spam/Bot Account,1
linkedin,kenneth65_real,Fake Executive Impersonator,1
linkedin,dominique25,Developer,0
linkedin,navarro_kane_and_wilson,Business/Company Page,0
linkedin,jamesesparza_hq,Fake Executive Impersonator,1
linkedin,official_philip3799235,Fake Recruiter,1
linkedin,jorgewang,Developer,0
linkedin,get_smeyer36129,Fake Recruiter,1
linkedin,garciafrank71,Developer,0
linkedin,promo_ashley7379132,Spam/Bot Account,1
linkedin,walker-velazquez,Business/Company Page,0
linkedin,kholt1,Fake Executive Impersonator,1
linkedin,vanessa44427,Student,0
linkedin,fischerderrick,Developer,0
linkedin,ramirez_oliver_and_johns,Business/Company Page,0
linkedin,win_randall9861117,Spam/Bot Account,1
linkedin,davis-mcintyre,Business/Company Page,0
linkedin,promo_scottcaitlin12803,Spam/Bot Account,1
linkedin,win_laura4385745,Spam/Bot Account,1
linkedin,rachaelbrown_real,Fake Executive Impersonator,1
linkedin,gordontina_fanpage,Fake Executive Impersonator,1
linkedin,briangarcia,Developer,0
linkedin,zachary29_fanpage,Fake Executive Impersonator,1
linkedin,official_millerkelsey90656,Spam/Bot Account,1
linkedin,nrobinson,Student,0
linkedin,get_dawnwebb82588,Spam/Bot Account,1
linkedin,best_danielrodriguez93566,Spam/Bot Account,1
linkedin,daniel29,Consultant,0
linkedin,sturner,Student,0
linkedin,jeffrey45,Developer,0
linkedin,best_michael3198174,Fake Recruiter,1
linkedin,slopez463,Student,0
linkedin,gsmith,Developer,0
linkedin,williamskenneth,Student,0
linkedin,griffinedward,Consultant,0
linkedin,jmclaughlin_official,Fake Executive Impersonator,1
linkedin,justin57,Developer,0
linkedin,travismack_official,Fake Executive Impersonator,1
linkedin,official_priceaaron14389,Fake Recruiter,1
linkedin,the_victoria9180681,Spam/Bot Account,1
linkedin,the_wanda224529,Spam/Bot Account,1
linkedin,the_brooke9657456,Fake Recruiter,1
linkedin,lorifields438,Student,0
linkedin,iwalter170,Student,0
linkedin,win_tammydiaz71526,Spam/Bot Account,1
linkedin,the_oalvarez76510,Fake Recruiter,1
linkedin,williams_gomez_and_white,Business/Company Page,0
linkedin,bruceburns,Developer,0
linkedin,ryangabrielle,Consultant,0
linkedin,get_veronicahouse91827,Fake Recruiter,1
linkedin,ashleymartinez,Student,0
linkedin,smith_inc,Business/Company Page,0
linkedin,sharonharris,Developer,0
linkedin,patriciajohnson,Developer,0
linkedin,edwards_ltd,Business/Company Page,0
linkedin,lpadilla,Consultant,0
linkedin,bellmichelle,Consultant,0
linkedin,jeffreygomez606,Student,0
linkedin,may-harrison,Business/Company Page,0
linkedin,grahamlarry_real,Fake Executive Impersonator,1
linkedin,tpadilla,Student,0
linkedin,real_hansondeanna40137,Fake Recruiter,1
linkedin,brookeholmes_real,Fake Executive Impersonator,1
linkedin,hart-wiggins,Business/Company Page,0
linkedin,oschneider_verified,Fake Executive Impersonator,1
linkedin,top_amanda1583031,Fake Recruiter,1
linkedin,cory7430,Consultant,0
linkedin,peter51,Developer,0
linkedin,wgarcia.official,Fake Executive Impersonator,1
linkedin,llewis1,Fake Executive Impersonator,1
linkedin,rtucker,Consultant,0
linkedin,boyddonald892,Student,0
linkedin,free_stanleypeter89683,Fake Recruiter,1
linkedin,uanderson689,Developer,0
linkedin,the_duncandominique15196,Spam/Bot Account,1
linkedin,free_adamsjohnny23551,Spam/Bot Account,1
linkedin,cunninghamkevin,Developer,0
linkedin,burke-valenzuela,Business/Company Page,0
linkedin,martinez_stevens_and_jen,Business/Company Page,0
linkedin,younglaura,Student,0
linkedin,free_michael7673111,Spam/Bot Account,1
linkedin,sarahwilliams,Developer,0
linkedin,jasonwarren,Developer,0
linkedin,hernandezjohn,Developer,0
linkedin,free_imoreno75311,Fake Recruiter,1
linkedin,wheeler_alvarado_and_bal,Business/Company Page,0
linkedin,official_alvaradoaaron59192,Fake Recruiter,1
linkedin,gstark,Developer,0
linkedin,promo_wpatel31480,Fake Recruiter,1
linkedin,mandytucker,Consultant,0
linkedin,ericthompson257,Consultant,0
linkedin,meganflores,Developer,0
linkedin,real_justin9789086,Spam/Bot Account,1
linkedin,molson506,Consultant,0
linkedin,get_tonynovak25529,Fake Recruiter,1
linkedin,promo_leecharles15030,Fake Recruiter,1
linkedin,xberry,Student,0
linkedin,the_casey2879511,Fake Recruiter,1
linkedin,knapp-brown,Business/Company Page,0
linkedin,top_david2599754,Spam/Bot Account,1
linkedin,walkerjoseph36,Developer,0
linkedin,yjones.official,Fake Executive Impersonator,1
linkedin,thompson_sanders_and_but,Business/Company Page,0
linkedin,pauloliver,Student,0
linkedin,the_angelmorton99841,Fake Recruiter,1
linkedin,official_whines85921,Spam/Bot Account,1
linkedin,top_jamiejordan5495,Spam/Bot Account,1
linkedin,robert05,Developer,0
linkedin,cfreeman_real,Fake Executive Impersonator,1
twitter,jessica40world,Fitness Creator,0
twitter,the_davidsonsean51913,Spam/Bot Account,1
twitter,danielporter_real,Celebrity Impersonator,1
twitter,whiteconnie_xo,Fitness Creator,0
twitter,jkelly475,Student,0
twitter,harrisonbrandonlife,Fake Influencer,1
twitter,top_justin5771952,Spam/Bot Account,1
twitter,richard19477,Student,0
twitter,ryankent871,Student,0
twitter,pena-huang,Business Account,0
twitter,ramos_inc,Business Account,0
twitter,garrett_daniel_and_thoma,Business Account,0
twitter,nortonrichard_official,Celebrity Impersonator,1
twitter,get_raymond1775525,Spam/Bot Account,1
twitter,ericacain702,Student,0
twitter,roy661,Celebrity Impersonator,1
twitter,marilynallen,Student,0
twitter,kramermichael,Developer,0
twitter,top_christopherbryant51747,Spam/Bot Account,1
twitter,young-sanders,Business Account,0
twitter,the_nortoncynthia3424,Spam/Bot Account,1
twitter,tmontgomery,Developer,0
twitter,khowell_hq,Celebrity Impersonator,1
twitter,shepherd-mullins,Business Account,0
twitter,gonzalez-ortega,Business Account,0
twitter,andrewsdebra_xo,Fitness Creator,0
twitter,guzmanelizabeth.world,Fake Influencer,1
twitter,baker-jones,Business Account,0
twitter,win_janeperkins40841,Spam/Bot Account,1
twitter,rray,Developer,0
twitter,olsonandrea_verified,Celebrity Impersonator,1
twitter,christinajoseph.official,Fitness Creator,0
twitter,sgarner.official,Celebrity Impersonator,1
twitter,williamsrodney,Developer,0
twitter,carrilloreginaworld,Fake Influencer,1
twitter,dhernandez,Student,0
twitter,timothyclarkglow,Fake Influencer,1
twitter,fostercody,Developer,0
twitter,erica52,Student,0
twitter,katherinegutierrez.life,Fake Influencer,1
twitter,xdonovanworld,Fake Influencer,1
twitter,hess-baker,Business Account,0
twitter,get_ithompson33341,Spam/Bot Account,1
twitter,gmorales90,Student,0
twitter,daniel5144,Student,0
twitter,singhkimberly,Developer,0
twitter,free_sfields85049,Spam/Bot Account,1
twitter,ricerobert725,Developer,0
twitter,carolynsandovalofficial,Fitness Creator,0
twitter,hmiller_fanpage,Celebrity Impersonator,1
twitter,win_kaylaschmidt58576,Spam/Bot Account,1
twitter,christine91,Developer,0
twitter,angelwillis,Developer,0
twitter,wright-blevins,Business Account,0
twitter,free_williamgregory72760,Spam/Bot Account,1
twitter,best_davidperkins51257,Spam/Bot Account,1
twitter,turnerashleyglow,Fitness Creator,0
twitter,sydneyperez.xo,Fitness Creator,0
twitter,robertjones,Student,0
twitter,brandonedwards,Student,0
twitter,fowler_briggs_and_fische,Business Account,0
twitter,curtisgavin377,Student,0
twitter,xcainvip,Fake Influencer,1
twitter,hamiltondanielglow,Fitness Creator,0
twitter,blackkathleen_glow,Fitness Creator,0
twitter,jonesjay,Student,0
twitter,howard-smith,Business Account,0
twitter,cindycook250,Student,0
twitter,gregory51co,Fitness Creator,0
twitter,smith_schneider_and_mend,Business Account,0
twitter,raymond99_world,Fitness Creator,0
twitter,allenlinda_glow,Fitness Creator,0
twitter,wgarcia.vip,Fake Influencer,1
twitter,the_harmonjulia32054,Spam/Bot Account,1
twitter,bmassey,Student,0
twitter,williamkim,Student,0
twitter,best_khansen42532,Spam/Bot Account,1
twitter,robertshort_glow,Fitness Creator,0
twitter,colecoryco,Fake Influencer,1
twitter,scottcaleb,Developer,0
twitter,kvazquez_fanpage,Celebrity Impersonator,1
twitter,linda96372,Developer,0
twitter,williamsteresa6,Developer,0
twitter,wjefferson_glow,Fitness Creator,0
twitter,miller_johnson_and_nicho,Business Account,0
twitter,debraallen.xo,Fake Influencer,1
twitter,mary85,Student,0
twitter,the_laurabutler89411,Spam/Bot Account,1
twitter,the_grimesglenn18194,Spam/Bot Account,1
twitter,davidoconnell805,Developer,0
twitter,patriciabarry,Developer,0
twitter,ashley4581,Developer,0
twitter,real_brownaaron96385,Spam/Bot Account,1
twitter,anthonylowery.official,Fake Influencer,1
twitter,best_theresa8348691,Spam/Bot Account,1
twitter,kelleradam_xo,Fake Influencer,1
twitter,gonzalezmelissa_official,Celebrity Impersonator,1
twitter,aday1,Celebrity Impersonator,1
twitter,hillalexander1,Celebrity Impersonator,1
twitter,william79613,Student,0
twitter,hcastillo,Developer,0
twitter,nguyenmiranda.glow,Fake Influencer,1
twitter,jjohnson.glow,Fake Influencer,1
twitter,nichols_group,Business Account,0
twitter,pauljohnson_real,Celebrity Impersonator,1
twitter,wagnerautumn,Developer,0
twitter,ethanwilcoxxo,Fake Influencer,1
twitter,aguilarmelissa.glow,Fitness Creator,0
twitter,franklin-mathews,Business Account,0
twitter,patrickeverettxo,Fake Influencer,1
twitter,pattonantoniolife,Fake Influencer,1
twitter,win_brentcampbell62361,Spam/Bot Account,1
twitter,fkramer.xo,Fitness Creator,0
twitter,sean34.xo,Fitness Creator,0
twitter,brandonwilson_life,Fake Influencer,1
twitter,martinez_white_and_colli,Business Account,0
twitter,poolelisa,Student,0
twitter,gamblesteven,Developer,0
twitter,shannonmorgan.official,Fitness Creator,0
twitter,robertsonanna,Developer,0
twitter,boyle-williams,Business Account,0
twitter,matthew22glow,Fitness Creator,0
twitter,william54.official,Celebrity Impersonator,1
twitter,lsnyder,Developer,0
twitter,vrice,Student,0
twitter,chris48.vip,Fitness Creator,0
twitter,johnson-brooks,Business Account,0
twitter,promo_dominique5791420,Spam/Bot Account,1
twitter,espinoza_santana_and_car,Business Account,0
twitter,ramosalan_vip,Fitness Creator,0
twitter,collinsgregory_fanpage,Celebrity Impersonator,1
twitter,icook74,Student,0
twitter,yobrien.life,Fitness Creator,0
twitter,alvarez_stevenson_and_mu,Business Account,0
twitter,williams_ward_and_santia,Business Account,0
twitter,dhumphrey,Student,0
twitter,umartinez.co,Fitness Creator,0
twitter,nharmon_xo,Fake Influencer,1
twitter,best_mcfarlandronald66614,Spam/Bot Account,1
twitter,kellyknox_world,Fitness Creator,0
twitter,timothy28,Student,0
twitter,best_yolandahill6101,Spam/Bot Account,1
twitter,jenniferwilliams_hq,Celebrity Impersonator,1
twitter,ztownsend,Student,0
twitter,rivera_ltd,Business Account,0
twitter,jhensley.world,Fake Influencer,1
twitter,harrisonjay,Developer,0
twitter,smithjasmine,Developer,0
twitter,matthewdavis.glow,Fitness Creator,0
twitter,danielclay.official,Celebrity Impersonator,1
twitter,bonillajennifer,Student,0
twitter,martinjuarez_real,Celebrity Impersonator,1
twitter,anthonyhowe,Developer,0
twitter,martinez_guerrero_and_gu,Business Account,0
twitter,michael20.glow,Fake Influencer,1
twitter,rwilliams,Student,0
twitter,brown_hendrix_and_cooke,Business Account,0
twitter,cjones_hq,Celebrity Impersonator,1
twitter,mariagarcia,Developer,0
twitter,romanwhitney_glow,Fitness Creator,0
twitter,erichardson36,Developer,0
twitter,jordantom.world,Fitness Creator,0
twitter,qgarcia,Developer,0
twitter,best_jim155244,Spam/Bot Account,1
twitter,omckee_verified,Celebrity Impersonator,1
twitter,justin77_official,Fake Influencer,1
twitter,promo_sandra0019836,Spam/Bot Account,1
twitter,dale12,Developer,0
twitter,robertdunn_fanpage,Celebrity Impersonator,1
twitter,campbell-wyatt,Business Account,0
twitter,official_jorge602126,Spam/Bot Account,1
twitter,jeffrey83.glow,Fitness Creator,0
twitter,nathaniel60_verified,Celebrity Impersonator,1
twitter,ford_group,Business Account,0
twitter,debrafleming_world,Fake Influencer,1
twitter,djacobs.glow,Fitness Creator,0
twitter,gilbert_ltd,Business Account,0
twitter,promo_levans41096,Spam/Bot Account,1
twitter,johnsonsusan.vip,Fake Influencer,1
twitter,brucemartin,Developer,0
twitter,lloyd_mercado_and_thornt,Business Account,0
twitter,fchang,Student,0
twitter,win_grimestyler17800,Spam/Bot Account,1
twitter,emily84_official,Celebrity Impersonator,1
twitter,hubbard_ltd,Business Account,0
twitter,heathermckinney139,Student,0
twitter,joshua05_hq,Celebrity Impersonator,1
twitter,win_gordonchristine4374,Spam/Bot Account,1
twitter,thomas-mitchell,Business Account,0
twitter,cpage_fanpage,Celebrity Impersonator,1
twitter,watkinsjames,Developer,0
twitter,vsmith,Student,0
twitter,martin67.world,Fake Influencer,1
twitter,jasonsummers533,Developer,0
twitter,jasonabbott,Student,0
twitter,xpetersen_xo,Fake Influencer,1
twitter,christina53_vip,Fitness Creator,0
twitter,christopher661,Celebrity Impersonator,1
twitter,simmonssharon.official,Celebrity Impersonator,1
twitter,ghenry_xo,Fake Influencer,1
