user_id,username,bio,friends_count,followers_count,posts_count,account_age_days,avg_likes,avg_comments,avg_shares,engagement_rate,mutual_friends_count,is_verified,has_website,has_location,profile_completion_score,archetype,is_fake
fbdemo_000001,xstevens_co,Partner with the biggest brands Shop my looks — link in bio Douglas | lifestyle & beauty Shot this in South Steven. 📸💅,172,22119,11,879,81.54545454545455,8.909090909090908,0.45454545454545453,0.004078286793283877,3,False,False,False,0.404,Fake Influencer,1
fbdemo_000002,vasquez_doyle_and_richar,"Exclusive deal for my first 100 fans Tap the link before it's gone Limited spots left!! Matthew just signed up, you're next. 🎁👉",4,2466,8,1190,26.375,2.25,1.625,0.012246963562753036,6,False,True,True,0.885,Business Page,0
fbdemo_000003,stevensteinlife,mobility nerd Booking 1:1 sessions Coaching 20 clients this cycle.,1347,3316,6,2711,474.1666666666667,26.5,19.5,0.11155193366216315,103,False,False,True,0.875,Fitness Creator,0
fbdemo_000004,larson_and_sons,Woman-owned & operated Handmade goods from North Anthony Serving Lake Laurenstad since 2023.,4,3401,15,768,146.13333333333333,13.333333333333334,10.4,0.04988742046010769,3,False,False,True,0.704,Business Page,0
fbdemo_000005,zachary74798,Software engineer @ Delgado-Prince mechanical keyboard collector Working remotely from Andersonchester this month.,543,4,5,2253,27.2,6.4,1.0,0.06325411334552103,92,False,True,True,0.899,Developer,0
fbdemo_000006,kgibbs,cloud infra tinkerer views != my employer's Deploy number 15 of the week.,1423,6,13,2636,109.76923076923077,8.23076923076923,1.1538461538461537,0.08338267750444098,139,False,False,False,0.849,Developer,0
fbdemo_000007,wilson-henry,Beware of fake accounts impersonating me Ignore the other fake pages Back in Davisland this 2022.,6,5935,9,969,321.6666666666667,22.444444444444443,24.0,0.06196113635938582,4,False,True,True,0.824,Business Page,0
fbdemo_000008,real_thomasbuchanan47480,DM me 'INFO' now Comment 'ME' below Already helped 90 people this 2019. 👉,60,67,9,39,0.6666666666666666,0.0,0.0,0.005249343832020997,2,False,False,False,0.203,Spam Account,1
fbdemo_000009,robert17.official,"DM me, I promise it's me I reply to my real fans personally Since 2022, the journey continues.",112,1473,6,133,20.333333333333332,1.3333333333333333,0.6666666666666666,0.01409043112513144,2,False,False,False,0.816,Celebrity Impersonator,1
fbdemo_000010,cole-thompson,Strickland-Morse — official page DM us for inquiries Woman-owned & operated Shoutout to our 22th customer this week. 📈🔗,26,3397,14,462,147.0,24.142857142857142,10.071428571428571,0.052940194482701056,6,False,True,True,0.662,Business Page,0
fbdemo_000011,conwaykyle937,"living on iced coffee and hope business major, meme connoisseur This is assignment number 91 this semester. 🎉😊",335,5,12,2308,43.666666666666664,4.5,1.3333333333333333,0.14558823529411766,5,False,False,False,0.646,Student,0
fbdemo_000012,hlarsen,"Full-stack developer always shipping something small This is bug ticket number 25, send help.",820,6,13,1349,72.46153846153847,14.384615384615385,2.8461538461538463,0.10858632892531198,65,False,True,False,0.595,Developer,0
fbdemo_000013,tdavis183,trying to survive finals week Junior at Rowlandport University counting down to graduation,391,2,6,613,58.666666666666664,9.333333333333334,5.166666666666667,0.18617472434266327,121,False,False,False,0.595,Student,0
fbdemo_000014,sandra55life,"mobility nerd Victor — movement is medicine 29 reps, zero regrets. ⚡🔥",1149,4114,11,261,131.8181818181818,19.818181818181817,7.636363636363637,0.030262726063600087,275,False,False,False,0.71,Fitness Creator,0
fbdemo_000015,lisamiller_xo,Win a free iPhone today Limited spots left!! Over 37 people already joined this week. 🎁,322,8381,8,3300,577.875,89.375,22.125,0.07921119154314604,136,True,False,False,0.809,Fitness Creator,0
fbdemo_000016,lynnsarahofficial,Online coach @ Bush-Smith Booking 1:1 sessions Training out of Anthonyfurt this week. 💪,482,6562,15,2647,556.1333333333333,66.73333333333333,33.86666666666667,0.0932330115464698,116,False,False,True,0.552,Fitness Creator,0
fbdemo_000017,get_xwright43984,Click the link and thank me later Exclusive deal for my first 100 fans Tap the link before it's gone Already helped 90 people this 2015. 🎁🔥,201,7,12,830,20.0,7.666666666666667,0.08333333333333333,0.13341346153846154,100,False,False,False,0.611,Spam Account,1
fbdemo_000018,official_reynoldsglenn40157,Check my story for proof MAKE $500/DAY FROM HOME Spot number 38 just opened up. 💯,75,97,8,208,1.75,0.0,0.0,0.010174418604651164,3,False,False,False,0.175,Spam Account,1
fbdemo_000019,htorres_official,"Programs linked below Powerlifter & coach form check requests welcome 52 reps, zero regrets.",704,6613,11,1603,438.45454545454544,84.81818181818181,21.90909090909091,0.07450892690745088,174,False,False,False,0.827,Fitness Creator,0
fbdemo_000020,garcialisaofficial,believer in progressive overload Marathoner turned strength coach Programs linked below Shoutout to Calvin for showing up every day. 🥗,674,5042,21,3565,619.6666666666666,94.52380952380952,42.666666666666664,0.13241027691692492,189,False,True,True,0.652,Fitness Creator,0
fbdemo_000021,the_melvin0712589,"Get verified fast, DM now DM me 'INFO' now Spot number 60 just opened up. 🔥",153,166,10,92,1.4,0.0,0.0,0.004388714733542319,1,False,False,False,0.111,Spam Account,1
fbdemo_000022,kristinelester.vip,"Comment 'ME' below DM me 'INFO' now Get verified fast, DM now Message number 4 today, still going. 💯👉",682,7564,6,2048,693.6666666666666,103.5,34.0,0.1007963457029671,204,False,False,False,0.854,Fitness Creator,0
fbdemo_000023,lisa08,Software engineer @ Meyer Group cloud infra tinkerer opinions are my own Shoutout to Christina for the code review. 🐛,122,4706,7,78,112.42857142857143,13.857142857142858,1.7142857142857142,0.026512013256006627,4,False,False,False,0.508,Developer,0
fbdemo_000024,ifisher_hq,"THIS IS MY ONLY REAL ACCOUNT Thank you for 94 years of support Tagging Elizabeth, thank you for believing in this.",354,2625,17,175,12.882352941176471,0.47058823529411764,0.0,0.00448235689038959,3,False,False,False,0.704,Celebrity Impersonator,1
fbdemo_000025,adamkim,here for the memes and the free pizza obsessed with true crime podcasts pre-med and perpetually tired Currently 60 days away from break. 📚,219,4,11,1722,29.545454545454547,9.454545454545455,1.0909090909090908,0.17977986139421118,38,False,False,False,0.796,Student,0
fbdemo_000026,turnerrobin.life,"weekend hiker, weekday procrastinator business major, meme connoisseur Junior at Port Richardland University Somewhere in Zacharybury, probably procrastinating. 📚☕",236,50640,12,674,183.58333333333334,9.0,2.25,0.003829572555494405,6,False,False,True,0.454,Fake Influencer,1
fbdemo_000027,iburton,"Not into games, just want honesty New here, hoping to meet someone real Missing Patriciaborough and missing you more. ❤️",71,1,8,103,9.125,3.25,0.0,0.171875,2,False,False,False,0.351,Catfish/Romance-Scam Profile,1
fbdemo_000028,jenniferperez_glow,Marathoner turned strength coach recovering cardio-phobe turned lifter 68 minutes of mobility work this morning. 🔥🥗,685,7308,14,3230,499.7857142857143,74.0,35.142857142857146,0.07618273131847508,4,False,True,False,0.636,Fitness Creator,0
fbdemo_000029,donovan-patterson,Custom orders welcome Proudly independent Shoutout to our 50th customer this week.,5,10413,16,1630,351.625,33.0625,23.375,0.039168986369744675,7,False,True,True,0.788,Business Page,0
fbdemo_000030,hopkinsnathan47,"amateur baker, professional snacker here for the memes and the free pizza trying to survive finals week Shoutout to Shari for the study session.",101,5,6,1191,8.5,2.0,0.6666666666666666,0.10534591194968553,124,False,False,True,0.712,Student,0
fbdemo_000031,steven87_xo,"5am workouts, no excuses Booking 1:1 sessions Client hit a 84 pound PR today. 🥗🏋️",850,3027,13,3271,166.84615384615384,19.384615384615383,6.846153846153846,0.04980059919446043,223,False,True,True,0.746,Fitness Creator,0
fbdemo_000032,henry_martinez_and_smith,"Woman-owned & operated Hensley, Barber and Bates — official page Booking now for 2017 Serving Nicoleview since 2023.",12,2958,11,3391,31.818181818181817,2.090909090909091,1.6363636363636365,0.011968166513621058,33,False,True,True,0.792,Business Page,0
fbdemo_000033,yglenn989,"majoring in something I still can't explain at parties just trying to pass orgo Somewhere in Millerfurt, probably procrastinating. 🐾",337,7,12,687,41.75,7.0,2.25,0.14825581395348839,465,False,False,True,0.567,Student,0
fbdemo_000034,ngreen,"Let's chat somewhere more private Tired of being lied to, hoping you're different Missing Amytown and missing you more.",9,2,13,119,0.38461538461538464,0.0,0.0,0.03496503496503497,2,False,False,True,0.245,Catfish/Romance-Scam Profile,1
fbdemo_000035,timothybailey,here for the memes and the free pizza Marcus | student trying to survive finals week Group chat with Daniel is unhinged today. 🎬🌟,381,12,11,2047,43.90909090909091,13.454545454545455,4.818181818181818,0.15822345593337958,168,False,False,False,0.785,Student,0
fbdemo_000036,claytonjenna.co,"As seen on your explore page Turning passion into a career Trip number 98 this year, no complaints. 👑💖",161,15747,12,759,131.08333333333334,11.166666666666666,1.6666666666666667,0.00904681082893303,1,False,False,False,0.477,Fake Influencer,1
fbdemo_000037,cynthiajohnston,"Engineer working abroad on an oil rig Tired of being lied to, hoping you're different It's been 84 months since we last spoke. 🌹",647,8,11,1609,63.54545454545455,10.181818181818182,2.8181818181818183,0.11686328938237335,194,False,True,False,0.793,Developer,0
fbdemo_000038,gschultz_xo,form check requests welcome Booking 1:1 sessions Client hit a 11 pound PR today.,448,19905,9,2729,876.3333333333334,110.88888888888889,51.0,0.05101077100290975,93,False,False,True,0.562,Fitness Creator,0
fbdemo_000039,mlewis4,"Not into games, just want honesty New here, hoping to meet someone real Since 2016, I've been looking for this. ❤️🙏",17,6,13,12,1.2307692307692308,0.38461538461538464,0.0,0.07023411371237458,3,False,False,False,0.218,Catfish/Romance-Scam Profile,1
fbdemo_000040,shawjames_hq,"Thank you for 52 years of support DM me, I promise it's me Project number 97 coming together nicely.",218,9,14,2119,26.428571428571427,7.5,1.6428571428571428,0.15670232850849594,4,False,False,True,0.538,Celebrity Impersonator,1
fbdemo_000041,ywulife,"Certified personal trainer Booking 1:1 sessions 5am workouts, no excuses Coaching 79 clients this cycle. 🧘",32,26,8,95,0.0,0.0,0.0,0.0,129,False,True,False,0.309,Fitness Creator,0
fbdemo_000042,rogersstephanie,collects vinyl I can't afford counting down to graduation Currently 11 cups of coffee deep today.,388,1,5,2342,55.8,22.8,2.0,0.20719794344473005,1,False,False,False,0.723,Student,0
fbdemo_000043,real_rachel9527860,"DM me 'INFO' now Get verified fast, DM now Tap the link before it's gone Started in Christymouth, now everywhere. 🎁✅",50,52,12,347,0.16666666666666666,0.0,0.0,0.001633986928104575,1,False,False,False,0.291,Spam Account,1
fbdemo_000044,get_taylor8858410,"Get verified fast, DM now Limited spots left!! Comment 'ME' below This worked for Mark too, ask them. 📩👉",73,89,7,134,0.2857142857142857,0.0,0.0,0.001763668430335097,1,False,False,False,0.328,Spam Account,1
fbdemo_000045,win_vchapman46035,Check my story for proof Click the link and thank me later Over 22 people already joined this week. 🎁,224,279,15,349,1.4666666666666666,0.0,0.0,0.0029158383035122596,3,False,True,False,0.164,Spam Account,1
fbdemo_000046,arellano_plc,Woman-owned & operated Booking now for 2015 Celebrating 49 years since we opened our doors.,12,1736,8,2076,27.875,2.375,2.125,0.01852116704805492,16,False,True,True,0.884,Business Page,0
fbdemo_000047,jason08483,"Rust curious, Python fluent debugging in production (don't tell my manager) 67 tabs of documentation open right now.",317,5,11,2514,33.90909090909091,3.727272727272727,1.5454545454545454,0.12168266516092602,227,False,False,False,0.557,Developer,0
fbdemo_000048,walshchristopher,"New here, hoping to meet someone real Add me, I don't bite Thinking of you from Edwardsborough tonight. 💌",31,10,10,134,3.3,1.4,0.0,0.11463414634146339,25,False,False,False,0.278,Catfish/Romance-Scam Profile,1
fbdemo_000049,bruce75,"here for the memes and the free pizza Full-time student, part-time dreamer collects vinyl I can't afford",159,18995,12,839,86.91666666666667,3.25,0.0,0.0047074588423653895,357,False,False,True,0.662,Student,0
fbdemo_000050,denise00.vip,Thank you for 29 years of support Beware of fake accounts impersonating me,375,7680,18,326,368.44444444444446,35.611111111111114,31.333333333333332,0.054052003586454234,598,False,True,False,0.935,Fitness Creator,0
fbdemo_000051,brandondeleon_official,Powerlifter & coach Booking 1:1 sessions believer in progressive overload Day 69 of the program. 💪🏋️,549,11890,11,1931,746.7272727272727,70.27272727272727,43.72727272727273,0.06919585760328585,311,False,False,True,0.609,Fitness Creator,0
fbdemo_000052,rmorris,"Programs linked below Powerlifter & coach 5am workouts, no excuses Logged 7 miles this week. 💪🏋️",12,3,14,118,0.7142857142857143,0.14285714285714285,0.0,0.05714285714285715,1,False,False,False,0.398,Catfish/Romance-Scam Profile,1
fbdemo_000053,williams_taylor_and_mayn,"Thank you for supporting small business Family-owned, Josephton-based Tagging Scott, one of our first customers back in 2025.",125,12563,8,410,35.0,1.375,0.5,0.0029062894073139975,7,False,False,False,0.628,Business Page,0
fbdemo_000054,morris_ashley_and_delacr,Proudly independent Serving Shannonland since 2016 Serving Cynthiatown since 2021.,5,3513,12,2303,94.0,11.166666666666666,3.25,0.03081769945044533,4,False,True,True,0.742,Business Page,0
fbdemo_000055,michael32,"views != my employer's Rust curious, Python fluent Currently on commit number 35 of this refactor.",267,4,7,1447,22.285714285714285,2.142857142857143,1.4285714285714286,0.09541381128096994,2,False,False,False,0.81,Catfish/Romance-Scam Profile,1
fbdemo_000056,webbdarrell_vip,Powerlifter & coach Programs linked below believer in progressive overload Training out of Hartland this week. 🏋️,446,9693,9,264,552.3333333333334,44.55555555555556,27.444444444444443,0.061577407370878134,6,False,False,True,0.704,Fitness Creator,0
fbdemo_000057,oliviasmith_glow,Marathoner turned strength coach form check requests welcome Day 64 of the program. 🔥🏋️,477,3064,10,2983,303.2,41.5,10.9,0.10042360914995763,57,True,False,False,0.794,Fitness Creator,0
fbdemo_000058,jessica29_verified,trying to survive finals week Grad student @ Lake Amandamouth University 🐾,501,5409,13,1624,679.5384615384615,167.3846153846154,37.61538461538461,0.14966809839906287,3,False,False,True,0.598,Celebrity Impersonator,1
fbdemo_000059,browntheresa,here for the memes and the free pizza plays intramural soccer badly pre-med and perpetually tired Fun fact: I've switched majors 29 times.,256,6,11,2800,17.181818181818183,3.5454545454545454,1.2727272727272727,0.08396946564885498,1,False,False,False,0.515,Student,0
fbdemo_000060,xburke,"opinions are my own cloud infra tinkerer Backend dev, Knoxhaven-based Shoutout to Michelle for the code review.",706,5,10,3280,49.7,12.2,3.0,0.09127988748241914,117,False,False,False,0.685,Developer,0
fbdemo_000061,williamswesleyco,Partner with the biggest brands Maria | lifestyle & beauty Shop my looks — link in bio Look number 24 from this campaign. 🌴💅,370,1187,15,3496,82.86666666666666,13.0,1.6,0.06259901520017126,6,False,True,False,0.795,Fake Influencer,1
fbdemo_000062,bush_and_sons,"Community first, always Free shipping over $50 Serving Haroldmouth since 2017 Thank you Lake Carriemouth for 27 years of support.",5,6380,6,3875,327.5,49.333333333333336,34.333333333333336,0.06439571913338553,5,True,True,True,0.754,Business Page,0
fbdemo_000063,john43life,"form check requests welcome Programs linked below 94 reps, zero regrets.",612,9774,5,3309,296.0,35.0,17.6,0.03356441363373772,141,False,False,False,0.677,Fitness Creator,0
fbdemo_000064,allen-stewart,"Woman-owned & operated Small business, big heart DM us for inquiries Order number 18 just shipped.",5,3656,9,3964,115.88888888888889,11.88888888888889,3.6666666666666665,0.03590397280645846,3,False,True,True,0.742,Business Page,0
fbdemo_000065,rodriguez_hill_and_fishe,"Small business, big heart Free shipping over $50 Community first, always Customer number 84 just left a five-star review.",9,2672,9,813,100.77777777777777,9.666666666666666,5.111111111111111,0.04310166190061752,3,False,True,True,0.679,Business Page,0
fbdemo_000066,rileypeggy.co,Certified personal trainer believer in progressive overload Training out of Robinborough this week. 🏃🏋️,253,10792,8,3357,565.875,124.75,53.0,0.06732684472612041,92,False,False,False,0.835,Fitness Creator,0
fbdemo_000067,best_jasmine2484127,"MAKE $500/DAY FROM HOME Guaranteed followers overnight Comment 'ME' below This worked for Stephanie too, ask them. 🎁✅",63,64,18,324,1.2222222222222223,0.0,0.0,0.00962379702537183,40,False,False,False,0.295,Spam Account,1
fbdemo_000068,rickeystephens694,"weekend hiker, weekday procrastinator here for the memes and the free pizza Valerie | student Officially 81 credits away from graduating. ☕",158,5,12,1916,12.916666666666666,4.0,0.16666666666666666,0.10480572597137014,255,False,False,False,0.714,Student,0
fbdemo_000069,cmaldonado_verified,"THIS IS MY ONLY REAL ACCOUNT DM me, I promise it's me 8 years of your support means everything.",127,4230,13,256,34.46153846153846,2.230769230769231,0.5384615384615384,0.008545046874172419,255,False,False,False,0.542,Celebrity Impersonator,1
fbdemo_000070,murrayjessica,Python & Go by day opinions are my own Working out of Lake Hannah this 2024.,246,10,7,2034,21.857142857142858,4.571428571428571,0.5714285714285714,0.10546875000000001,108,False,False,True,0.838,Developer,0
fbdemo_000071,best_andrew6713944,DM me 'INFO' now Guaranteed followers overnight DM for details 🎁📩,161,203,12,296,4.333333333333333,0.08333333333333333,0.0,0.012133699633699632,70,False,False,False,0.378,Spam Account,1
fbdemo_000072,justinlane513,Python & Go by day Frontend dev who loves CSS more than I should Shoutout to Cassandra for the code review.,695,4,14,3060,43.142857142857146,6.5,0.6428571428571429,0.07193950541590027,148,False,True,True,0.849,Developer,0
fbdemo_000073,robertsonscott,always shipping something small coffee-powered Python & Go by day Deploy number 5 of the week.,1109,2,14,836,106.78571428571429,31.214285714285715,3.5,0.12736273627362737,30,False,False,True,0.834,Developer,0
fbdemo_000074,robertsrobert_world,"10k+ engaged followers, ask for my rate card Manager: link below Turning passion into a career So many of you asked for this, here it is.",378,12645,15,299,61.8,4.133333333333334,1.0666666666666667,0.005144743914612608,4,False,False,True,0.682,Fake Influencer,1
fbdemo_000075,xross,"counting down to graduation CS major, coffee minor Tim | student Fun fact: I've switched majors 12 times.",273,3,8,2144,17.0,4.25,1.875,0.08378623188405797,262,False,False,False,0.733,Student,0
fbdemo_000076,the_scott4225399,"Limited spots left!! Tap the link before it's gone Anna just signed up, you're next. 💰👉",155,111,11,111,2.909090909090909,0.0,0.0,0.010936431989063569,4,False,False,False,0.258,Spam Account,1
fbdemo_000077,grace43.official,"Programs linked below Powerlifter & coach Tagging Timothy, my training partner today.",815,17964,12,1754,423.3333333333333,72.58333333333333,10.25,0.02695386690807107,139,False,True,True,0.747,Fitness Creator,0
fbdemo_000078,knapp_anderson_and_smith,"Handmade goods from North Kirkstad Community first, always Quality you can trust Serving Patelchester since 2018. 🔗🌍",12,6114,9,3699,200.66666666666666,28.666666666666668,8.88888888888889,0.03888707512605651,6,False,True,True,0.769,Business Page,0
fbdemo_000079,christiedavis,"amateur baker, professional snacker pre-med and perpetually tired counting down to graduation Somewhere in Campbellville, probably procrastinating. 🌟🎬",451,3,6,498,63.0,12.666666666666666,2.1666666666666665,0.17143906020558006,196,False,False,False,0.807,Student,0
fbdemo_000080,sarah92786,Building things at Baker-Mendez mechanical keyboard collector Working remotely from Robertmouth this month.,454,2,4,1363,27.5,2.5,1.0,0.06798245614035088,123,False,False,False,0.665,Developer,0
fbdemo_000081,gregory86,Morganfurt University '27 obsessed with true crime podcasts Fun fact: I've switched majors 41 times.,87,10157,8,435,64.5,6.625,1.375,0.0070773135493947675,159,False,False,False,0.709,Student,0
fbdemo_000082,zbrown,"weekend hiker, weekday procrastinator just trying to pass orgo CS major, coffee minor Studying in East Kaitlyn has its perks.",181,8,13,336,22.76923076923077,8.384615384615385,1.3076923076923077,0.17175417175417174,111,False,False,True,0.626,Student,0
fbdemo_000083,camposcheyenne499,Doctor currently on a mission overseas Let's chat somewhere more private Only 39 more months until I'm back.,1201,6336,8,595,556.875,65.125,37.125,0.0874519039405599,2,False,True,True,0.795,Catfish/Romance-Scam Profile,1
fbdemo_000084,victoriareyes,"Turning passion into a career 10k+ engaged followers, ask for my rate card Look number 30 from this campaign. 📸😍",918,10,10,1387,61.1,14.4,3.8,0.08545258620689655,239,False,False,True,0.639,Student,0
fbdemo_000085,valvarez347,board games on weekends opinions are my own Shoutout to Jonathan for the code review.,317,7,10,3221,28.9,2.9,1.0,0.10123456790123456,175,False,False,False,0.847,Developer,0
fbdemo_000086,joycekevin420,"Backend dev, South Mitchellburgh-based board games on weekends always shipping something small",454,3,12,2884,32.416666666666664,3.0,2.1666666666666665,0.0822392414296134,134,False,False,False,0.732,Developer,0
fbdemo_000087,alexandrawalker,Believer in true love Engineer working abroad on an oil rig Only 17 more months until I'm back.,23,7,12,138,1.0833333333333333,0.0,0.0,0.03611111111111111,3,False,False,False,0.284,Catfish/Romance-Scam Profile,1
fbdemo_000088,espinozalaurie,"always shipping something small Building things at Kelly, Joseph and Walton into distributed systems Standup update: 9 things fixed today.",713,11,11,1723,34.54545454545455,2.8181818181818183,1.6363636363636365,0.05386740331491713,255,False,True,True,0.857,Developer,0
fbdemo_000089,pdouglas_life,mobility nerd Marathoner turned strength coach Programs linked below Logged 45 miles this week.,1128,8442,8,3596,773.0,54.5,35.5,0.09017763845350052,406,False,True,True,0.589,Fitness Creator,0
fbdemo_000090,ksmith,coffee-powered views != my employer's Still can't believe it's 2018 and this bug exists. 🧠,358,4,14,2383,16.357142857142858,2.0714285714285716,0.5714285714285714,0.05248618784530388,109,False,True,True,0.794,Developer,0
fbdemo_000091,ochoa-hughes,"Family-owned, West James-based Community first, always New drops every 33 weeks Order number 68 just shipped. 📈🔗",12,1578,11,353,76.9090909090909,8.545454545454545,2.5454545454545454,0.055345911949685536,12,False,True,True,0.691,Business Page,0
fbdemo_000092,carter_group,DM us for inquiries Local favorite in Port Pamela Thank you New Jose for 38 years of support. 🤝✅,6,2353,7,1931,84.0,6.142857142857143,2.7142857142857144,0.03936292617937382,13,False,True,True,0.916,Business Page,0
fbdemo_000093,roy53,"into distributed systems Backend dev, Carloschester-based opinions are my own Pairing with Jennifer made this so much faster.",282,4,7,2878,9.285714285714286,1.5714285714285714,0.42857142857142855,0.039460539460539464,116,False,True,False,0.578,Developer,0
fbdemo_000094,michael57.life,"Powerlifter & coach 5am workouts, no excuses Booking 1:1 sessions",246,15285,2,1138,810.5,140.0,16.5,0.062262571630931685,69,False,False,False,0.893,Fitness Creator,0
fbdemo_000095,htrujillo,here for the memes and the free pizza Grad student @ Daltontown University obsessed with true crime podcasts Campus tour 65 for prospective students today. 🎉,602,15,9,1657,62.0,17.0,5.111111111111111,0.13632270844588512,229,False,False,True,0.803,Student,0
fbdemo_000096,alvarez_holden_and_morri,"Small business, big heart New drops every 82 weeks Thank you for supporting small business Team huddle today covered 46 new ideas.",11,2417,9,2662,65.44444444444444,7.0,3.3333333333333335,0.031209957898590514,9,False,True,True,0.943,Business Page,0
fbdemo_000097,carroll_sullivan_and_ale,Local favorite in Johnsonview Woman-owned & operated Proudly 75 years in business this 2015.,51,51,5,347,0.8,0.0,0.0,0.00784313725490196,6,False,True,False,0.305,Business Page,0
fbdemo_000098,flowerskelly56,mechanical keyboard collector opinions are my own Full-stack developer Deploy number 33 of the week. 🚀,582,9,17,763,31.764705882352942,4.764705882352941,0.4117647058823529,0.06250622076241664,176,False,True,True,0.654,Developer,0
fbdemo_000099,nweber_glow,Partner with the biggest brands Business inquiries only Filming this in Jacobston today. ✨,71,39553,11,372,304.72727272727275,15.727272727272727,1.8181818181818181,0.00813327092854652,6,False,False,False,0.588,Fake Influencer,1
fbdemo_000100,get_paul5444515,"Turn $10 into $1000 Comment 'ME' below Since 2017, thousands have joined. 👉💯",65,65,6,237,1.0,0.0,0.0,0.007692307692307693,1,False,True,False,0.102,Spam Account,1
fbdemo_000101,beck-compton,"Not a bot, it's really me Follow this account only Message number 53 today, reading every one.",21,4641,12,3106,192.0,17.5,9.916666666666666,0.04706492206492206,4,False,True,True,0.902,Business Page,0
fbdemo_000102,official_qrice91574,Follow for a shoutout!! Tap the link before it's gone 15 people can't all be wrong.,94,71,11,24,1.2727272727272727,0.0,0.0,0.007713498622589531,3,False,True,False,0.115,Spam Account,1
fbdemo_000103,ghanson,"New here, hoping to meet someone real Looking for my person Missing North Haleyshire and missing you more. 🙏",9,5,10,5,0.3,0.0,0.0,0.02142857142857143,1,False,False,False,0.275,Catfish/Romance-Scam Profile,1
fbdemo_000104,morganleslie.glow,Free workout guide in bio Certified personal trainer Day 49 of the program. 🏃,409,14295,9,1716,1164.888888888889,178.55555555555554,40.0,0.09408626526417603,151,False,False,True,0.558,Fitness Creator,0
fbdemo_000105,walton_plc,Woman-owned & operated Handmade goods from Woodsside New drops every 37 weeks Serving Port Sonyafurt since 2022. ✅🌍,21,4315,14,3880,90.14285714285714,5.571428571428571,6.214285714285714,0.023507511860832893,18,False,True,True,0.818,Business Page,0
fbdemo_000106,top_xmccall67986,Certified personal trainer form check requests welcome Free workout guide in bio Back in North Sandra for a pop-up class this 2017.,81,71,6,86,0.8333333333333334,0.0,0.0,0.005482456140350878,2,False,False,False,0.165,Spam Account,1
fbdemo_000107,lawsonmadison638,"Family means everything to me Add me, I don't bite It's been 51 months since we last spoke.",48,4,9,193,2.0,0.3333333333333333,0.0,0.04487179487179487,39,False,False,False,0.523,Catfish/Romance-Scam Profile,1
fbdemo_000108,david08_xo,"Manager: link below As seen on your explore page Full-time content creator Trip number 67 this year, no complaints. 💖👑",242,108893,10,62,80.2,3.7,1.9,0.0007861822513400835,233,False,False,False,0.474,Fake Influencer,1
fbdemo_000109,danielle23.world,Programs linked below macro-friendly recipes on the blog Client hit a 22 pound PR today.,554,10876,6,1100,599.1666666666666,52.666666666666664,29.166666666666668,0.05958005249343831,167,False,True,False,0.723,Fitness Creator,0
fbdemo_000110,karen64,"Doctor currently on a mission overseas Message me, let's talk Since 2018, I've been looking for this. ❤️",12,3,12,28,1.25,0.0,0.0,0.08333333333333333,3,False,False,False,0.425,Catfish/Romance-Scam Profile,1
fbdemo_000111,wendy63,"Software engineer @ Carson PLC board games on weekends Rust curious, Python fluent This is bug ticket number 8, send help.",230,3,8,1755,23.875,4.375,0.625,0.12392703862660945,104,False,True,True,0.502,Developer,0
fbdemo_000112,austin10world,believer in progressive overload Renee — movement is medicine Booking 1:1 sessions Shoutout to Caitlin for showing up every day.,355,119474,10,723,839.5,22.7,2.0,0.007211943686419815,46,False,False,False,0.47,Fitness Creator,0
fbdemo_000113,lstout,psych major who overthinks everything just trying to pass orgo Grad student @ Port Donaldside University Fun fact: I've switched majors 17 times. 🎬🙌,282,2,10,1807,41.7,16.3,2.4,0.21267605633802816,242,False,False,True,0.703,Student,0
fbdemo_000114,get_bowmanthomas39211,"Grad student @ East Robert University obsessed with true crime podcasts CS major, coffee minor Campus tour 60 for prospective students today. 🌟😊",40,48,10,330,0.7,0.0,0.0,0.007954545454545454,5,False,True,False,0.325,Spam Account,1
fbdemo_000115,martinmartin,pre-med and perpetually tired plays intramural soccer badly Currently 98 days away from break.,352,5,8,934,49.125,9.625,1.375,0.16841736694677872,370,False,False,True,0.824,Student,0
fbdemo_000116,gjames,opinions are my own Python & Go by day Currently on commit number 60 of this refactor.,1223,4,8,749,104.625,14.75,1.25,0.09830888345558272,50,False,True,True,0.827,Developer,0
fbdemo_000117,jpatel,"occasional open-source contributor coffee-powered Backend dev, East Adamside-based Currently on commit number 93 of this refactor.",192,8,8,3083,16.875,2.625,0.5,0.1,3,False,False,False,0.751,Developer,0
fbdemo_000118,tanyajohnson_real,"Follow this account only Official page, all others are fake Since 2015, the journey continues.",84,12528,12,105,236.08333333333334,9.0,4.5,0.01978935405433978,70,False,False,True,0.762,Celebrity Impersonator,1
fbdemo_000119,sandovalkatherine,"into indie films and bad puns Grad student @ Timothychester University psych major who overthinks everything Somewhere in New Kimberly, probably procrastinating.",368,3,11,2938,67.54545454545455,15.272727272727273,5.7272727272727275,0.2386669933839745,159,False,False,True,0.66,Student,0
fbdemo_000120,gibsondiana,"Rust curious, Python fluent always shipping something small Backend dev, West Geraldton-based Pairing with John made this so much faster. 🐛⚙️",1028,5,9,2578,125.0,19.555555555555557,6.555555555555555,0.14628374744541248,121,False,False,True,0.736,Developer,0
fbdemo_000121,poole_inc,"Let's chat somewhere more private New here, hoping to meet someone real Missing North Davidmouth and missing you more. 🌹❤️",5,1833,9,3673,20.333333333333332,3.0,1.2222222222222223,0.013359932293555796,6,False,False,True,0.715,Business Page,0
fbdemo_000122,chapmanlisa_official,cloud infra tinkerer Building things at Harris-Kelly mechanical keyboard collector Working out of Port Joelland this 2020.,282,19239,9,761,162.44444444444446,4.888888888888889,2.0,0.00867441900175879,2,False,True,False,0.586,Fake Influencer,1
fbdemo_000123,ortiz-costa,"Serving Masonburgh since 2019 Woman-owned & operated Tagging John, one of our first customers back in 2017. 🔗",3,840,7,3483,22.714285714285715,2.4285714285714284,0.42857142857142855,0.030333841721742076,18,False,True,True,0.653,Business Page,0
fbdemo_000124,dcastillo_official,"Direct message me here for business Ignore the other fake pages Since 2019, still going strong. 🎉",79,6470,10,305,28.7,2.0,1.1,0.004855703160787907,4,False,False,False,0.898,Celebrity Impersonator,1
fbdemo_000125,top_lmayer64846,Comment 'ME' below Follow for a shoutout!! 💰🔥,360,3,8,3217,39.0,3.875,0.375,0.11914600550964187,3,False,False,True,0.778,Spam Account,1
fbdemo_000126,patrick04,Tap the link before it's gone Guaranteed followers overnight Already helped 86 people this 2019. 👉✅,268,14,12,1731,9.166666666666666,1.4166666666666667,0.3333333333333333,0.03871158392434988,79,False,False,False,0.544,Developer,0
fbdemo_000127,jwood_official,As seen on your explore page Manager: link below Look number 38 from this campaign. ✨📸,413,7,13,551,49.23076923076923,16.0,2.6923076923076925,0.1617216117216117,6,False,False,True,0.558,Fake Influencer,1
fbdemo_000128,currydaniel,"Family means everything to me Single parent, honest and loyal 47 letters written, still waiting to send them.",27,2,13,71,1.3076923076923077,0.07692307692307693,0.0,0.04774535809018567,3,False,False,False,0.227,Catfish/Romance-Scam Profile,1
fbdemo_000129,portermartin,"occasional open-source contributor Backend dev, Chambersville-based Currently debugging from New Beverly.",782,2,8,317,37.375,6.5,0.375,0.05644132653061224,5,False,False,True,0.764,Developer,0
fbdemo_000130,seanyoung,"views != my employer's Backend dev, South Megan-based mechanical keyboard collector 36 tabs of documentation open right now.",760,3,17,588,76.17647058823529,12.823529411764707,2.588235294117647,0.12003700562793926,94,True,True,True,0.671,Developer,0
fbdemo_000131,frostmichael_fanpage,"Official page, all others are fake Direct message me here for business 59 years in this industry now.",64,16251,11,446,337.6363636363636,15.181818181818182,2.272727272727273,0.021764689493773158,81,False,False,False,0.589,Celebrity Impersonator,1
fbdemo_000132,tyronemooreworld,Manager: link below Partner with the biggest brands Full-time content creator Brand deal number 46 this month.,217,15492,7,811,131.85714285714286,9.428571428571429,2.142857142857143,0.009130343842928984,2,False,True,False,0.751,Fake Influencer,1
fbdemo_000133,ledwards.glow,Full-time content creator Manager: link below,190,20731,10,664,38.1,1.4,0.2,0.001897614836766885,1,False,False,True,0.66,Fake Influencer,1
fbdemo_000134,black-wyatt,"Small business, big heart Community first, always Custom orders welcome Tagging Daniel, one of our first customers back in 2018.",9,2054,8,1752,47.875,7.875,2.125,0.028053805138148327,17,False,True,True,0.854,Business Page,0
fbdemo_000135,jacobssandra,"Widowed, looking for genuine connection Let's chat somewhere more private It's been 34 months since we last spoke. 🌹",50,7,14,64,5.071428571428571,1.4285714285714286,0.0,0.11403508771929824,1,False,False,False,0.219,Catfish/Romance-Scam Profile,1
fbdemo_000136,fernandoscott50,psych major who overthinks everything obsessed with true crime podcasts West Brandon University '27 Studying in Dawnmouth has its perks. ✨,223,4,7,2733,40.0,8.285714285714286,1.4285714285714286,0.21900566393958465,162,False,False,False,0.733,Student,0
fbdemo_000137,zamora_mcbride_and_jones,Free shipping over $50 Local favorite in Josephport 56 orders packed and ready to go. 🤝🌍,9,1234,8,3023,18.75,1.5,1.125,0.017196299275945293,4,False,False,True,0.851,Business Page,0
fbdemo_000138,sharpernest.world,Studying at West Jamesberg University psych major who overthinks everything Number 72 on my to-do list: sleep.,253,27437,13,652,249.15384615384616,24.46153846153846,2.8461538461538463,0.00998416534711226,5,False,True,False,0.595,Fake Influencer,1
fbdemo_000139,claudia90,Let's chat somewhere more private Engineer working abroad on an oil rig It's been 28 months since we last spoke.,40,1,12,152,3.4166666666666665,0.4166666666666667,0.0,0.09349593495934959,2,False,False,False,0.371,Catfish/Romance-Scam Profile,1
fbdemo_000140,omartinez.co,"10k+ engaged followers, ask for my rate card Shop my looks — link in bio Brand deal number 48 this month. 💖💅",465,21644,14,440,192.92857142857142,7.928571428571429,3.5,0.009243165356060555,7,False,True,False,0.474,Fake Influencer,1
fbdemo_000141,sethhicks,Partner with the biggest brands Full-time content creator Packing for New Lindsay again this week. 💖👑,115,80511,4,866,163.25,10.25,3.0,0.0021891201349440626,109,False,True,False,0.653,Student,0
fbdemo_000142,iroberts,Lindatown University '27 majoring in something I still can't explain at parties Can't believe it's already 2021.,183,7,4,1757,18.5,4.75,0.5,0.125,187,False,False,False,0.814,Student,0
fbdemo_000143,get_josephsanchez59013,"Check my story for proof Follow for a shoutout!! Kathleen just signed up, you're next. 💯👉",62,57,11,318,0.0,0.0,0.0,0.0,3,False,False,False,0.349,Spam Account,1
fbdemo_000144,paulmunozco,"Living my best life ✈️ Collab requests welcome Shop my looks — link in bio Trip number 78 this year, no complaints. 👑✨",445,54248,13,384,477.0,39.0,4.769230769230769,0.009521679753702132,4,False,False,False,0.573,Fake Influencer,1
fbdemo_000145,sarah37_official,"Ignore the other fake pages My verified account got hacked, this is the new one 37 years in this industry now.",417,4088,5,319,20.0,2.2,0.6,0.005061043285238624,4,False,False,False,0.747,Celebrity Impersonator,1
fbdemo_000146,clark_johnson_and_herrer,"New drops every 32 weeks Family-owned, Palmerton-based Celebrating 98 years since we opened our doors.",37,5760,12,392,106.58333333333333,11.583333333333334,3.4166666666666665,0.02097349203611063,4,False,False,False,0.67,Business Page,0
fbdemo_000147,hknight,Junior at Port Russellshire University here for the memes and the free pizza majoring in something I still can't explain at parties Campus tour 5 for prospective students today.,120,29763,13,612,186.53846153846155,13.538461538461538,2.0,0.006762270290028548,2,False,True,False,0.633,Student,0
fbdemo_000148,tammysmith_official,"recovering cardio-phobe turned lifter DM 'START' for coaching info 12 reps, zero regrets.",655,6459,10,580,517.7,44.8,27.8,0.08297722800112453,236,False,True,False,0.9,Fitness Creator,0
fbdemo_000149,martindebra471,Let's chat somewhere more private Doctor currently on a mission overseas Only 60 more months until I'm back. 🌹💌,47,2,10,20,2.1,0.5,0.0,0.05306122448979592,2,False,False,False,0.262,Catfish/Romance-Scam Profile,1
fbdemo_000150,halecarolyn_real,"Follow this account only New project coming soon Since 2015, the journey continues. 💪🐾",159,5302,15,112,94.4,9.333333333333334,0.8666666666666667,0.01915400109869987,1,False,False,False,0.759,Celebrity Impersonator,1
fbdemo_000151,veronicavazquez,"Add me, I don't bite Tired of being lied to, hoping you're different Missing East Geraldtown and missing you more.",29,10,5,155,2.2,0.0,0.0,0.05641025641025642,2,False,False,False,0.431,Catfish/Romance-Scam Profile,1
fbdemo_000152,tchristian_glow,Booking 1:1 sessions form check requests welcome ⚡,602,9529,10,1454,229.7,41.7,14.1,0.028180831112427203,111,False,False,False,0.911,Fitness Creator,0
fbdemo_000153,zdavis_world,As seen on your explore page Business inquiries only Rachael styled this look. ✨💅,391,8,12,3263,17.75,3.0,0.4166666666666667,0.05304928989139516,3,False,True,True,0.592,Fake Influencer,1
fbdemo_000154,micheal70_real,"Not a bot, it's really me New project coming soon 34 years in this industry now. 🙌",90,7146,12,44,34.0,4.5,0.3333333333333333,0.005366685093053253,2,False,False,False,0.88,Celebrity Impersonator,1
fbdemo_000155,brian39434,into indie films and bad puns here for the memes and the free pizza Fun fact: I've switched majors 47 times. 💪☕,230,3,11,372,30.727272727272727,11.636363636363637,1.8181818181818181,0.18962153726102224,168,False,False,True,0.818,Student,0
fbdemo_000156,hamiltonchristopher_real,Follow this account only Direct message me here for business 84 years of your support means everything. ✨☕,165,5573,10,87,123.1,3.8,4.7,0.022934820494945975,8,False,False,False,0.751,Celebrity Impersonator,1
fbdemo_000157,robin32_fanpage,recovering cardio-phobe turned lifter Karen — movement is medicine Shoutout to Gabrielle for showing up every day. 🔥⚡,100,3501,7,453,20.571428571428573,1.1428571428571428,0.5714285714285714,0.006188757091284168,1,False,False,True,0.645,Celebrity Impersonator,1
fbdemo_000158,alexandrabaileyco,"As seen on your explore page Brand deals only, please Packing for Wongfort again this week. 😍",310,10073,8,54,57.875,1.375,0.0,0.0057064432245015895,3,False,True,False,0.585,Fake Influencer,1
fbdemo_000159,danielle92.official,side-project addict Full-stack developer Standup update: 2 things fixed today. ☕🧠,157,4588,11,298,42.63636363636363,2.0,0.2727272727272727,0.00946450809464508,2,False,False,False,0.579,Celebrity Impersonator,1
fbdemo_000160,cherylbrown,"Military stationed overseas, hard to talk on phone Let's chat somewhere more private 95 letters written, still waiting to send them. 🙏",44,3,11,189,5.909090909090909,1.7272727272727273,0.0,0.16247582205029015,3,False,False,False,0.201,Catfish/Romance-Scam Profile,1
fbdemo_000161,carlsonadam_official,Free workout guide in bio recovering cardio-phobe turned lifter Training out of Dillonland this week.,401,43680,13,739,170.92307692307693,12.076923076923077,0.9230769230769231,0.004172388941337014,67,False,False,False,0.567,Fitness Creator,0
fbdemo_000162,gailherrera_real,"Follow this account only Official page, all others are fake",62,10112,15,308,195.26666666666668,26.2,2.3333333333333335,0.0219972478867702,2,False,False,False,0.599,Celebrity Impersonator,1
fbdemo_000163,sharonreeves,"Backend dev, Benjaminshire-based mechanical keyboard collector 73 tabs of documentation open right now.",565,5,9,3416,23.22222222222222,5.222222222222222,0.5555555555555556,0.05087719298245614,2,False,False,False,0.813,Developer,0
fbdemo_000164,batesrhondaglow,"As seen on your explore page Brand deals only, please Shop my looks — link in bio Filming this in North William today. 👑",151,88474,15,428,654.1333333333333,43.13333333333333,6.466666666666667,0.007940573577809121,2,False,True,True,0.755,Fake Influencer,1
fbdemo_000165,holt_munoz_and_patrick,"Free shipping over $50 Family-owned, East Terrencehaven-based Woman-owned & operated Based out of East Karinabury, shipping everywhere.",7,2100,7,1397,54.57142857142857,4.714285714285714,2.5714285714285716,0.029357922571021763,13,False,True,True,0.645,Business Page,0
fbdemo_000166,williamsonkellie,debugging in production (don't tell my manager) Zachary — mobile engineer always shipping something small 61 tabs of documentation open right now. 🐛🔧,267,3,16,1488,19.8125,3.8125,0.3125,0.08865740740740741,29,False,False,True,0.744,Developer,0
fbdemo_000167,frobinson585,New project coming soon Follow this account only,268,5,10,2371,37.4,5.1,3.1,0.16703296703296705,90,False,False,False,0.506,Student,0
fbdemo_000168,tbell_glow,"Programs linked below mobility nerd Week 89 of the plan, feeling stronger.",871,4636,9,879,225.88888888888889,21.11111111111111,9.0,0.04648629017613946,143,False,False,True,0.946,Fitness Creator,0
fbdemo_000169,ginajones,here for the memes and the free pizza trying to survive finals week This is assignment number 97 this semester.,301,3,10,2484,28.7,7.0,1.8,0.12335526315789473,147,False,False,True,0.744,Student,0
fbdemo_000170,lynchandrew289,"Message me, let's talk Doctor currently on a mission overseas Missing Brownview and missing you more. 💌",194,5,9,2790,17.444444444444443,5.333333333333333,1.4444444444444444,0.12171970965940813,95,False,False,False,0.568,Catfish/Romance-Scam Profile,1
fbdemo_000171,blankenship_group,"Swanson PLC — official page Community first, always Serving Millerside since 2019. ✅",19,3817,8,3753,175.75,20.25,12.375,0.054320907194994786,8,False,True,True,0.928,Business Page,0
fbdemo_000172,shelley53,"Not a bot, it's really me Thank you for 52 years of support Project number 67 coming together nicely.",209,5,10,3369,22.7,2.4,0.1,0.11775700934579439,106,False,True,False,0.844,Developer,0
fbdemo_000173,bsmith.glow,"macro-friendly recipes on the blog Booking 1:1 sessions Tagging Alyssa, my training partner today. 🥗🧘",236,30525,11,284,132.72727272727272,8.909090909090908,1.3636363636363635,0.004648743538896655,2,False,False,False,0.64,Fitness Creator,0
fbdemo_000174,courtney47_official,As seen on your explore page Laura | lifestyle & beauty Filming this in Johnsonchester today. 👑😍,145,30008,10,747,396.9,18.8,8.8,0.014078201174012536,164,False,True,False,0.747,Fake Influencer,1
fbdemo_000175,allisonwilliams677,"Let's chat somewhere more private Not into games, just want honesty Currently stationed near Nicholasfort. ❤️🌹",47,4,8,173,3.625,0.25,0.0,0.07598039215686274,3,False,False,False,0.236,Catfish/Romance-Scam Profile,1
fbdemo_000176,blackwellkevin,cloud infra tinkerer opinions are my own Roberta — mobile engineer Working out of New Oscarside this 2015.,65,3682,14,144,68.0,3.0714285714285716,2.2142857142857144,0.019558503946013953,52,False,False,False,0.588,Developer,0
fbdemo_000177,glenn52,Check my story for proof Limited spots left!! Over 39 people already joined this week.,299,6,10,721,47.7,9.5,2.0,0.1940983606557377,75,False,False,False,0.766,Student,0
fbdemo_000178,allenaprilworld,"Believer in true love Military stationed overseas, hard to talk on phone Since 2017, I've been looking for this.",974,3570,11,1471,261.09090909090907,27.363636363636363,15.818181818181818,0.06696142765685019,66,False,False,False,0.641,Fitness Creator,0
fbdemo_000179,brownregina,"Collab requests welcome Manager: link below Business inquiries only So many of you asked for this, here it is.",38,5208,15,482,79.53333333333333,3.066666666666667,0.26666666666666666,0.01579616215529292,43,False,False,False,0.601,Developer,0
fbdemo_000180,promo_gomezrobin99459,MAKE $500/DAY FROM HOME DM for details Exclusive deal for my first 100 fans Already helped 71 people this 2020. 🔥👉,161,144,8,247,2.125,0.0,0.0,0.0069672131147540985,2,False,True,False,0.151,Spam Account,1
fbdemo_000181,best_wkim37698,"Studying at Millerberg University just trying to pass orgo weekend hiker, weekday procrastinator Tagging John because they'd get this. 🐾",89,91,11,60,0.6363636363636364,0.0,0.0,0.003535353535353535,2,False,True,False,0.368,Spam Account,1
fbdemo_000182,bianca69148,trying to survive finals week collects vinyl I can't afford counting down to graduation Ran into Brooke at the library again. 🐾,190,5,12,2110,29.5,7.416666666666667,1.1666666666666667,0.19529914529914527,185,False,False,False,0.653,Student,0
fbdemo_000183,ashley27,"CS major, coffee minor into indie films and bad puns Junior at Stephaniebury University Campus tour 28 for prospective students today.",150,2,12,57,17.75,4.666666666666667,0.08333333333333333,0.14802631578947367,2,False,False,False,0.452,Catfish/Romance-Scam Profile,1
fbdemo_000184,cody24,"Python & Go by day Backend dev, Devonhaven-based debugging in production (don't tell my manager) Still can't believe it's 2022 and this bug exists. 🔧",29,3,10,93,1.3,0.0,0.0,0.040625,341,False,False,False,0.327,Developer,0
fbdemo_000185,marquezmichael_hq,"DM me, I promise it's me Beware of fake accounts impersonating me Tagging Edward, thank you for believing in this.",85,7252,7,234,105.42857142857143,13.0,3.142857142857143,0.016569637259292433,1,False,False,False,0.669,Celebrity Impersonator,1
fbdemo_000186,official_tayloralicia934,Turn $10 into $1000 Comment 'ME' below 39 people can't all be wrong. ✅🛒,69,70,13,270,1.8461538461538463,0.0,0.0,0.013281682346430549,5,False,False,False,0.202,Spam Account,1
fbdemo_000187,adam09_verified,"Thank you for 30 years of support Ignore the other fake pages Since 2025, still going strong.",6,5319,9,1030,111.66666666666667,11.666666666666666,3.0,0.0237245696400626,3,False,True,True,0.829,Celebrity Impersonator,1
fbdemo_000188,dsmith_world,Email in bio for collabs Michael | lifestyle & beauty Partner with the biggest brands Filming this in Robertberg today. 📸,50,22839,7,462,49.714285714285715,2.142857142857143,0.0,0.0022655923306891023,5,False,True,False,0.434,Fake Influencer,1
fbdemo_000189,hmoreno_hq,"Official page, all others are fake Follow this account only Since 2017, the journey continues. 💪🎉",539,4941,13,35,118.3076923076923,6.6923076923076925,1.0,0.022992700729927006,7,False,False,False,0.628,Celebrity Impersonator,1
fbdemo_000190,free_uphillips12245,Turn $10 into $1000 MAKE $500/DAY FROM HOME Check my story for proof Over 49 people already joined this week. 💯,596,4,11,2890,70.81818181818181,14.181818181818182,5.636363636363637,0.15106060606060606,2,False,True,False,0.539,Spam Account,1
fbdemo_000191,jamescindy,obsessed with true crime podcasts pre-med and perpetually tired here for the memes and the free pizza Officially 57 credits away from graduating. 🐾,251,5,10,1265,38.9,12.4,3.0,0.212109375,118,False,False,True,0.729,Student,0
fbdemo_000192,warren-gomez,Proudly independent DM us for inquiries Team huddle today covered 8 new ideas. 💼,6,1,18,111,0.0,0.0,0.0,0.0,16,False,False,False,0.378,Business Page,0
fbdemo_000193,mwest.glow,"5am workouts, no excuses DM 'START' for coaching info Marathoner turned strength coach Logged 46 miles this week.",441,9512,12,970,241.75,32.833333333333336,5.333333333333333,0.02812384875581901,3,False,False,False,0.679,Fitness Creator,0
fbdemo_000194,lowe_erickson_and_hamilt,"Thank you for supporting small business New drops every 3 weeks Based out of New Scott, shipping everywhere. 🤝🌍",3,4951,9,1301,108.44444444444444,6.888888888888889,6.0,0.024491993002287712,7,False,False,False,0.639,Business Page,0
fbdemo_000195,browndale1,"My verified account got hacked, this is the new one I reply to my real fans personally Thank you John for the constant support.",69,5844,9,65,119.11111111111111,11.444444444444445,4.222222222222222,0.022793468252626046,7,False,False,False,0.627,Celebrity Impersonator,1
fbdemo_000196,smith-sullivan,Local favorite in New Maryborough DM us for inquiries Customer number 37 just left a five-star review.,23,1979,4,1608,29.25,2.5,1.25,0.016483516483516484,15,False,True,True,0.65,Business Page,0
fbdemo_000197,martin_ltd,Custom orders welcome Serving Heatherborough since 2020 Order number 31 just shipped. 📈,4,1989,8,3285,61.5,8.625,3.375,0.036879076768690414,1,False,True,False,0.674,Business Page,0
fbdemo_000198,brentlopez,psych major who overthinks everything just trying to pass orgo Currently 80 days away from break. ☕,491,3,11,1955,35.0,5.454545454545454,2.727272727272727,0.08741258741258741,177,False,False,True,0.755,Student,0
fbdemo_000199,jerry62_glow,Living my best life ✈️ Collab requests welcome Shot this in South Jasonborough. 💖,141,109471,9,209,277.1111111111111,14.777777777777779,7.111111111111111,0.002727803525161478,142,False,False,True,0.47,Fake Influencer,1
fbdemo_000200,htaylor_fanpage,"Follow this account only Official page, all others are fake Project number 18 coming together nicely.",131,8988,16,379,35.875,0.875,1.5,0.0041945388748766315,4,False,False,False,0.646,Celebrity Impersonator,1
