user_id,username,headline,connections_count,posts_count,account_age_days,avg_likes,avg_comments,avg_shares,engagement_rate,job_title,company_name,endorsements_count,skills_count,recommendation_count,connection_acceptance_rate,is_verified,has_website,has_location,profile_completion_score,city,state,email_verified,phone_verified,two_factor_enabled,device_count_30d,login_ip_diversity_30d,signup_to_first_post_hours,posting_time_entropy,follower_growth_rate_7d,reports_received_count,content_removed_count,archetype,is_fake
lidemo_000001,fbalakrishnan,Recruiter @ Bansal E-Commerce Pvt Ltd helping candidates land dream jobs fast 80 candidates placed since 2018.,217,9,1116,14.0,3.0,0.4444444444444444,0.08038914490527393,Graduate Student,Sinha Renewable Energy,21,44,5,0.727,False,False,True,0.44,Bhubaneswar,Odisha,True,True,True,3,1,364.08,0.878,0.0479,1,1,Student,0
lidemo_000002,harsh73_real,"Serial Entrepreneur | CEO top 1% of executives worldwide Based in Patna, thinking globally.",340,11,108,4.090909090909091,0.09090909090909091,0.09090909090909091,0.012566844919786095,Founder & Managing Director,Nexus International Group,1,23,1,0.322,False,False,False,0.456,Coimbatore,Tamil Nadu,False,False,False,2,2,3.79,0.276,0.5413,0,4,Fake Executive Impersonator,1
lidemo_000003,lganguly_verified,"leading global teams to success CEO & Founder | Visionary Leader Based in Pune, thinking globally. 💼",460,9,193,6.444444444444445,0.1111111111111111,0.0,0.014251207729468598,President & Chief Executive Officer,Meridian Worldwide Inc,98,6,2,0.488,False,False,False,0.607,Guwahati,Assam,True,False,False,1,1,0.71,0.167,0.1958,12,3,Fake Executive Impersonator,1
lidemo_000004,bhargavayashawini,"passionate about learning and growth Undergrad at Mysuru University, class of 2016 Class of 2020, still learning every day.",462,12,1092,16.083333333333332,3.4166666666666665,1.1666666666666667,0.044733044733044736,Graduate Student,Kapoor Logistics Pvt Ltd,17,7,1,0.636,False,False,False,0.407,Chandigarh,Punjab,True,True,True,2,1,696.65,0.765,0.0315,0,0,Student,0
lidemo_000005,pandya_inc,Verma Analytics Labs | Official Page proud to serve customers worldwide Congrats to Nitara on leading this launch.,5678,7,2445,79.0,9.285714285714286,5.142857142857143,0.01645448598601117,Company Page,Joshi Manufacturing Co.,3,43,1,0.555,False,False,True,0.868,Surat,Gujarat,False,True,False,1,1,470.67,0.818,0.0447,2,0,Business/Company Page,0
lidemo_000006,oraman,"building a portfolio one project at a time Aspiring professional, studying at Kanpur University Internship application number 7 submitted.",356,7,2423,20.714285714285715,4.714285714285714,1.0,0.07423756019261638,Graduate Student,Trivedi Capital Advisors,10,43,3,0.661,False,False,False,0.568,Patna,Bihar,True,True,True,3,4,240.55,0.829,0.0578,0,0,Student,0
lidemo_000007,gadeethan,Advisor to leadership teams since 2020 20+ engagements across industries Advising a team at Joshi Manufacturing Co. this quarter.,5435,11,1172,151.54545454545453,32.18181818181818,5.7272727272727275,0.034858242033955,Management Consultant,Saxena Realty Group,18,3,4,0.613,False,False,False,0.577,Noida,Uttar Pradesh,True,True,False,2,1,565.84,0.932,0.0399,0,1,Consultant,0
lidemo_000008,sharmavansha,Nirja | student researcher at Bhopal University building a portfolio one project at a time Internship application number 44 submitted.,201,17,2418,10.705882352941176,1.411764705882353,0.7647058823529411,0.06409130816505706,Undergraduate Student,Saxena Realty Group,23,32,2,0.418,False,False,True,0.418,Chennai,Tamil Nadu,True,False,True,2,1,259.3,0.784,0.0222,1,0,Student,0
lidemo_000009,chaudhuri_group,"Kolkata-based company delivering results driven by our customers' success Based in Gurugram, serving clients since 2016.",5541,12,3900,154.66666666666666,26.166666666666668,10.666666666666666,0.034560548637430064,Company Page,Chowdhury Innovations,12,7,4,0.456,False,False,True,0.683,Mumbai,Maharashtra,True,True,False,2,1,40.41,0.551,0.0447,0,1,Business/Company Page,0
lidemo_000010,shop_galamichael47014,Independent Consultant | Strategy focused on measurable outcomes 77 years advising clients across industries.,5767,7,29,8.0,0.0,0.0,0.001387203051846714,Passive Income Coach,Self-Employed,8,42,1,0.078,False,False,False,0.19,Jaipur,Rajasthan,False,False,True,1,2,3.32,0.134,0.0537,1,4,Spam/Bot Account,1
lidemo_000011,lavanya55,focused on developer experience and tooling Yagnesh | Software Engineer Mentoring 51 junior engineers this quarter.,623,9,1162,34.0,5.333333333333333,1.3333333333333333,0.06527554842161584,DevOps Engineer,Chopra Fintech Solutions,22,45,1,0.796,False,False,False,0.899,Ranchi,Jharkhand,True,True,False,3,3,445.33,0.86,0.0132,0,1,Developer,0
lidemo_000012,real_qapte92519,"Connecting talent with opportunity worldwide connecting top talent with top pay Position number 92 still open, apply now. 🚀",5445,5,335,45.6,4.2,0.6,0.009256198347107438,Global Recruiter,Apex World Enterprises,6,6,1,0.217,False,True,False,0.267,Kolkata,West Bengal,False,False,False,1,2,0.73,0.084,0.4534,2,2,Fake Recruiter,1
lidemo_000013,shop_sarafhardik1086,placing candidates across every industry Hiring Manager | Nagpur and remote 32 candidates placed since 2023. 🚀,9946,14,279,48.92857142857143,1.1428571428571428,0.35714285714285715,0.005070236419522565,Talent Acquisition Specialist,Mehta Digital Technologies,7,8,2,0.1,False,True,False,0.395,Gurugram,Haryana,False,False,False,2,2,3.82,0.06,0.1227,6,1,Fake Recruiter,1
lidemo_000014,georgebhalla,Student at Amritsar University always looking for the next challenge One of 84 students selected for the program.,396,4,2203,23.25,3.0,2.5,0.0726010101010101,Teaching Assistant,Joshi Manufacturing Co.,3,4,2,0.828,False,True,True,0.536,Coimbatore,Tamil Nadu,True,True,False,2,1,129.54,0.729,0.0502,1,1,Student,0
lidemo_000015,harishlanka750,always looking for the next challenge Max | undergraduate student Project number 84 this semester.,114,12,364,6.75,0.9166666666666666,0.25,0.06944444444444445,Graduate Student,Bansal E-Commerce Pvt Ltd,27,3,4,0.671,False,False,True,0.434,Hyderabad,Telangana,False,False,False,3,4,122.94,0.694,0.0292,2,0,Student,0
lidemo_000016,real_sathesachi47473,Financial Freedom Coach | Vadodara helping others achieve financial freedom Built this system while working out of Thiruvananthapuram.,2407,9,100,18.22222222222222,0.1111111111111111,0.3333333333333333,0.007755158565295664,LinkedIn Top Voice,Kapoor Logistics Pvt Ltd,2,3,0,0.085,False,False,False,0.12,Patna,Bihar,False,False,False,1,1,3.99,0.28,0.579,10,5,Spam/Bot Account,1
lidemo_000017,ychowdhury948,passionate about clean code and mentorship Mobile Engineer @ Nair Consulting Group Rolling this out from our Chennai office.,1067,9,2653,32.111111111111114,4.222222222222222,1.8888888888888888,0.03582213891492242,Mobile Engineer,Sinha Renewable Energy,21,50,2,0.737,False,False,False,0.735,Bhubaneswar,Odisha,True,False,False,2,4,114.29,0.63,0.0223,2,0,Developer,0
lidemo_000018,keerurmi_official,building the next big thing Chairman & Founder since 2022 4 years of industry-leading growth.,2188,9,1540,93.66666666666667,23.444444444444443,5.444444444444445,0.05601259394678042,Founder & Managing Director,Vertex Global Solutions,3,26,1,0.295,False,False,True,0.736,Hyderabad,Telangana,True,True,False,2,3,53.04,0.759,0.025,0,1,Fake Executive Impersonator,1
lidemo_000019,barad_batra_and_raj,"scaling companies from zero to global CEO | Based in Dehradun, thinking globally Since 2019, leading this company forward.",4549,12,3533,152.16666666666666,22.5,11.0,0.04081483109840991,Corporate Account,Malhotra Retail Group,18,12,6,0.501,False,True,True,0.895,Kolkata,West Bengal,True,True,False,1,1,308.22,0.722,-0.016,1,0,Business/Company Page,0
lidemo_000020,mistrydev,"combining coursework with real-world projects Studying in Guwahati, always curious One of 56 students selected for the program.",226,10,1539,13.0,3.0,1.0,0.0752212389380531,Graduate Student,Malhotra Retail Group,1,16,3,0.844,False,False,False,0.725,Dehradun,Uttarakhand,True,True,False,3,1,201.77,0.774,0.0182,0,1,Student,0
lidemo_000021,ebaral,passionate about clean code and mentorship Backend Developer | Ranchi Spoke with Laban on the platform team about it.,1331,10,3101,84.6,8.3,4.4,0.07310293012772351,Frontend Developer,Saxena Realty Group,26,16,2,0.651,False,False,True,0.697,Delhi,Delhi,True,True,False,3,2,472.66,0.637,0.0201,1,0,Developer,0
lidemo_000022,lanka_aurora_and_kara,"committed to quality and innovation Trivedi Capital Advisors, headquartered in Udaipur Congrats to Ekapad on leading this launch.",10606,6,801,429.3333333333333,47.5,25.166666666666668,0.04733169903828022,Corporate Account,Trivedi Capital Advisors,38,12,11,0.403,False,True,True,0.662,Ahmedabad,Gujarat,True,True,False,2,4,687.7,0.644,0.007,0,1,Business/Company Page,0
lidemo_000023,ethancheema45,Serial Entrepreneur | CEO scaling companies from zero to global Expanding Malhotra Retail Group into Patna this 2016.,1517,11,2243,28.0,3.272727272727273,1.6363636363636365,0.021693533888655837,Strategy Consultant,Nair Consulting Group,22,23,6,0.793,False,True,False,0.658,Ahmedabad,Gujarat,True,True,True,3,2,103.47,0.805,0.0137,1,0,Consultant,0
lidemo_000024,the_abhimanyu7694284,Engineer @ Gupta & Sons Trading Co. passionate about clean code and mentorship PR number 82 merged today.,8614,13,363,60.30769230769231,9.76923076923077,0.6923076923076923,0.0082156060795485,HR Manager & Recruiter,Malhotra Retail Group,2,6,2,0.284,False,False,False,0.316,Hyderabad,Telangana,True,False,False,2,2,3.88,0.146,0.3974,5,4,Fake Recruiter,1
lidemo_000025,madhavichoudhry,Thomas | Software Engineer advocate for good engineering practices PR number 49 merged today.,2441,9,3022,184.0,27.0,5.333333333333333,0.08862488051345077,Software Engineer,Rao Ventures India,31,28,5,0.636,False,False,True,0.617,Chennai,Tamil Nadu,True,True,False,2,3,156.69,0.587,-0.0092,2,1,Developer,0
lidemo_000026,reyansh83668,combining coursework with real-world projects Yauvani | undergraduate student Grateful for Chatura's advice on this one.,352,12,479,16.166666666666668,3.5,0.5,0.05729166666666667,Graduate Student,Bose Healthcare Pvt Ltd,36,33,1,0.78,False,False,False,0.679,Pune,Maharashtra,True,True,False,3,1,163.3,0.585,0.0322,0,1,Student,0
lidemo_000027,panchalchaitanya1,scaling companies from zero to global CEO & Founder | Visionary Leader Addressed the board on this in Nagpur last week. 💼,152,8,270,0.875,0.0,0.0,0.005756578947368421,Chairman & CEO,Zenith Capital Partners,2,1,6,0.237,False,False,False,0.717,Vadodara,Gujarat,False,False,False,2,2,0.01,0.132,0.3452,10,1,Fake Executive Impersonator,1
lidemo_000028,sinha_ltd,Desai Design Studio | Official Page dedicated to client success Milestone number 40 unlocked this quarter.,4841,13,697,75.76923076923077,6.615384615384615,3.4615384615384617,0.01773314477301257,Company Page,Nambiar Exports Pvt Ltd,17,11,4,0.15,False,True,False,0.87,Vadodara,Gujarat,True,True,False,3,1,6.24,0.755,0.0282,2,1,Business/Company Page,0
lidemo_000029,bhavyaraman,Tamanna | Consultant & advisor specializing in operations and growth Speaking at 7 conferences this 2023.,6668,8,1122,114.125,18.625,4.5,0.020583383323335334,Independent Consultant,Menon Technologies Pvt Ltd,4,36,2,0.46,False,True,True,0.748,Gurugram,Haryana,True,True,True,1,1,307.38,0.57,0.0036,1,1,Consultant,0
lidemo_000030,omajabadami508,"Backend Developer | Thiruvananthapuram believer in small, well-tested changes PR number 10 merged today.",2546,8,2897,44.875,7.25,1.0,0.020866064414768265,DevOps Engineer,Bansal E-Commerce Pvt Ltd,11,1,6,0.822,False,False,True,0.539,Jaipur,Rajasthan,True,False,False,3,2,416.96,0.682,0.0003,0,1,Developer,0
lidemo_000031,chamelidayal,scaling companies from zero to global Serial Entrepreneur | CEO Meeting with Vidhi to plan the next phase. 💼,563,10,1311,37.4,9.4,1.4,0.08561278863232681,Mobile Engineer,Chowdhury Innovations,16,36,2,0.414,False,False,True,0.822,Bhubaneswar,Odisha,True,True,False,3,4,202.27,0.912,0.0011,0,1,Developer,0
lidemo_000032,the_bhattarya95205,Digital Marketing Guru sharing the system that changed my life Only 79 spots left this month.,3018,10,110,13.6,0.3,0.1,0.004638833664678595,Growth Hacker,Self-Employed,1,1,3,0.14,False,False,False,0.358,Kochi,Kerala,False,False,False,1,2,2.03,0.23,0.1995,12,1,Spam/Bot Account,1
lidemo_000033,shop_turvi6498804,Global Recruiter | Hiring Now hiring for multiple remote roles Slot number 14 still available.,6326,5,313,48.2,2.4,0.8,0.008125197597217831,Senior Recruitment Consultant,Kapoor Logistics Pvt Ltd,4,0,6,0.192,False,False,False,0.299,Amritsar,Punjab,False,False,False,1,2,0.07,0.058,0.0842,3,3,Fake Recruiter,1
lidemo_000034,omaja67,Founder of my own success system DM me to learn my system Built this system while working out of Thiruvananthapuram.,611,14,1617,23.785714285714285,3.4285714285714284,0.8571428571428571,0.04594341828384381,Business Advisor,Desai Design Studio,22,9,2,0.198,False,True,True,0.799,Mumbai,Maharashtra,True,True,False,1,1,648.77,0.811,0.0462,1,1,Consultant,0
lidemo_000035,free_samesh8642241,Talent Partner based in Noida always looking for new talent 84 candidates placed since 2024.,2155,13,371,5.384615384615385,0.15384615384615385,0.0,0.002570051757986793,Global Recruiter,Pinnacle Universal Holdings,7,7,2,0.102,False,True,False,0.4,Noida,Uttar Pradesh,False,True,False,1,1,3.47,0.307,0.1133,10,1,Fake Recruiter,1
lidemo_000036,hiralnatarajan,Consultant based in Guwahati 20+ engagements across industries 40 years advising clients across industries.,2845,15,3112,66.4,11.733333333333333,2.6,0.02837727006444054,Independent Consultant,Khanna Digital Marketing,22,17,3,0.083,False,False,True,0.906,Delhi,Delhi,True,True,True,3,4,103.64,0.798,0.0172,0,0,Consultant,0
lidemo_000037,get_edhitha8541080,"Bansal E-Commerce Pvt Ltd, headquartered in Delhi proud to serve customers worldwide Opening a new office in Kochi this 2019.",829,11,3160,51.81818181818182,8.272727272727273,2.3636363636363638,0.07533720802719597,Senior Recruitment Consultant,Global Synergy Holdings,8,27,2,0.299,False,False,True,0.812,Chandigarh,Punjab,True,False,True,1,2,139.9,0.6,-0.0036,2,0,Fake Recruiter,1
lidemo_000038,win_ranganathanxavier62606,"filling roles faster than anyone else Global Recruiter | Hiring Now Position number 79 still open, apply now. 🚀",5434,21,96,13.333333333333334,0.5238095238095238,0.14285714285714285,0.002576370997423629,Head of Global Hiring,Gupta & Sons Trading Co.,350,8,1,0.137,False,False,False,0.412,Delhi,Delhi,False,False,False,2,2,1.31,0.105,0.5388,12,0,Fake Recruiter,1
lidemo_000039,free_pbehl54881,always looking for new talent Recruiting for Bose Healthcare Pvt Ltd and partners Working with Bhatt Media Networks to fill this fast. 🚀,14364,12,256,212.0,12.416666666666666,2.0833333333333335,0.01576858813700919,Senior Recruitment Consultant,Apex World Enterprises,12,43,1,0.204,False,False,False,0.375,Nagpur,Maharashtra,False,False,False,1,2,1.76,0.15,0.4384,12,0,Fake Recruiter,1
lidemo_000040,get_chopraganga41428,"building a community of driven entrepreneurs Online Business Mentor @ Sharma Textiles Pvt Ltd Ran a session in Kolkata last week, huge turnout.",146,12,2031,6.916666666666667,1.75,0.75,0.06449771689497717,Digital Marketing Guru,Self-Employed,4,3,1,0.108,False,False,False,0.751,Kanpur,Uttar Pradesh,True,True,True,1,4,305.18,0.646,0.0281,0,1,Spam/Bot Account,1
lidemo_000041,matthew52,Frado | student researcher at Kolkata University active in student organizations Project number 6 this semester.,327,7,1250,20.428571428571427,4.0,0.2857142857142857,0.07557885539536915,Teaching Assistant,Saxena Realty Group,25,29,2,0.842,False,False,False,0.705,Bhopal,Madhya Pradesh,False,False,True,1,1,246.29,0.653,0.0422,0,0,Student,0
lidemo_000042,promo_udarsh4749013,high-paying opportunities available now Recruiter @ Trivedi Capital Advisors Hiring event in Mysuru this week.,4373,9,135,16.444444444444443,1.1111111111111112,0.2222222222222222,0.004065350509439235,Head of Global Hiring,Apex World Enterprises,6,6,2,0.293,False,True,False,0.439,Chandigarh,Punjab,False,False,False,2,1,2.46,0.096,0.3361,7,1,Fake Recruiter,1
lidemo_000043,owen92,enjoys solving hard technical problems Platform Engineer based in Kanpur PR number 63 merged today.,1037,16,190,6.0,0.125,0.0,0.0059064609450337514,Frontend Developer,Agarwal Global Traders,68,45,1,0.423,False,False,True,0.37,Ahmedabad,Gujarat,False,False,False,1,1,3.71,0.249,0.0919,4,5,Developer,0
lidemo_000044,mittalchakrika,self-made success story Growth Hacker | LinkedIn Top Voice Helped 71 clients hit six figures this 2022.,1803,15,3455,43.53333333333333,5.4,2.3333333333333335,0.028434091329266036,Full-Stack Engineer,Krishnan Cloud Systems,20,44,1,0.609,False,True,True,0.839,Bhubaneswar,Odisha,True,True,False,3,1,472.93,0.782,0.0386,1,0,Developer,0
lidemo_000045,win_dbehl23557,"teaching thousands how to succeed online Financial Freedom Coach | Dehradun Since 2023, thousands have joined my program. 💰🚀",14060,15,4,87.06666666666666,2.066666666666667,1.6,0.006453295400663821,Online Business Mentor,Pillai Business Solutions,1,4,1,0.02,False,True,False,0.294,Hyderabad,Telangana,False,False,False,2,2,2.76,0.2,0.1305,12,2,Spam/Bot Account,1
lidemo_000046,chhabratanvi,specializing in operations and growth Management Consultant @ Menon Technologies Pvt Ltd Speaking at 15 conferences this 2015.,1384,5,2398,91.6,14.0,3.4,0.078757225433526,Management Consultant,Iyer Software Systems,30,48,5,0.435,False,False,False,0.714,Patna,Bihar,True,True,False,3,3,440.18,0.606,-0.0063,1,0,Consultant,0
lidemo_000047,real_mohammeddalal43460,"DM me to learn my system Helping you 10x your network Since 2025, thousands have joined my program.",917,8,536,16.5,3.5,0.375,0.022219193020719737,Passive Income Coach,Self-Employed,4,1,1,0.766,False,True,True,0.862,Vadodara,Gujarat,True,False,True,2,3,232.01,0.918,0.0199,1,1,Spam/Bot Account,1
lidemo_000048,free_girik8686700,DM me to learn my system Digital Marketing Guru Built this system while working out of Udaipur.,1730,7,40,8.285714285714286,0.2857142857142857,0.0,0.004954582989265071,Growth Hacker,Self-Employed,151,1,1,0.061,False,True,False,0.342,Bhopal,Madhya Pradesh,False,False,False,2,2,2.9,0.112,0.219,6,2,Spam/Bot Account,1
lidemo_000049,vedikajain,focused on measurable outcomes Advisor to leadership teams since 2017 Engagement number 85 wrapped this quarter.,4108,12,117,44.25,1.0,0.5,0.01113680623174294,Management Consultant,Patel Agro Industries,2,6,2,0.394,False,True,False,0.364,Mysuru,Karnataka,False,True,False,2,1,2.73,0.197,0.5278,12,2,Consultant,0
lidemo_000050,promo_ekalinga64837,Online Business Mentor @ Saxena Realty Group building a community of driven entrepreneurs Helped 16 clients hit six figures this 2015.,4927,16,270,28.625,0.6875,0.375,0.006025471889587985,Digital Marketing Guru,Self-Employed,3,4,0,0.06,False,False,False,0.229,Vadodara,Gujarat,False,False,False,1,2,1.28,0.288,0.1521,11,5,Spam/Bot Account,1
lidemo_000051,merchantchandani,20+ engagements across industries Independent Consultant | Strategy Worked alongside Laban on this engagement.,4526,11,2154,145.0,20.363636363636363,6.909090909090909,0.03806290925159684,Independent Consultant,Nair Consulting Group,9,30,1,0.458,False,False,True,0.662,Kolkata,West Bengal,True,True,False,3,4,426.51,0.773,0.052,1,1,Consultant,0
lidemo_000052,official_chandasai14326,Global Recruiter | Hiring Now placing candidates across every industry 32 candidates placed since 2016.,8917,7,74,88.0,8.571428571428571,1.2857142857142858,0.010974222592479854,Head of Global Hiring,Chowdhury Innovations,7,3,2,0.663,False,False,False,0.416,Jaipur,Rajasthan,False,False,False,1,2,0.68,0.177,0.4692,11,0,Fake Recruiter,1
lidemo_000053,free_surayutika68633,Talent Partner based in Udaipur filling roles faster than anyone else Slot number 19 still available. 🚀,1605,12,244,9.583333333333334,0.5833333333333334,0.08333333333333333,0.006386292834890967,Global Recruiter,Vertex Global Solutions,3,14,1,0.144,False,False,False,0.492,Coimbatore,Tamil Nadu,False,True,False,1,2,2.37,0.316,0.2503,9,2,Fake Recruiter,1
lidemo_000054,ravi_pal_and_wable,Innovating in our industry since 2018 focused on long-term partnerships Milestone number 96 unlocked this quarter.,3686,12,3965,183.33333333333334,10.666666666666666,6.0,0.05425935973955507,Company Page,Chowdhury Innovations,26,20,7,0.672,False,True,True,0.731,Bhubaneswar,Odisha,True,True,False,3,3,284.31,0.788,-0.0018,2,0,Business/Company Page,0
lidemo_000055,joshi-ravel,focused on long-term partnerships Innovating in our industry since 2025 Opening a new office in Noida this 2015.,6364,7,583,224.57142857142858,39.42857142857143,16.571428571428573,0.04408727664541618,Company Page,Pillai Business Solutions,33,1,11,0.749,False,True,False,0.943,Chandigarh,Punjab,False,True,False,1,1,423.1,0.593,0.0584,0,0,Business/Company Page,0
lidemo_000056,saksham14,Qushi | student researcher at Patna University active in student organizations Grateful for Kamala's advice on this one.,174,17,2352,10.294117647058824,1.9411764705882353,0.29411764705882354,0.0720081135902637,Undergraduate Student,Sharma Textiles Pvt Ltd,48,35,2,0.355,False,False,False,0.458,Indore,Madhya Pradesh,True,True,False,1,3,493.81,0.729,0.0337,2,0,Student,0
lidemo_000057,osha70,specializing in operations and growth Helping companies navigate change 25 years advising clients across industries.,7143,12,28,41.666666666666664,3.4166666666666665,0.0,0.006311540435857949,Independent Consultant,Bose Healthcare Pvt Ltd,7,5,4,0.528,False,False,False,0.458,Bhopal,Madhya Pradesh,False,True,False,2,1,1.71,0.075,0.2796,7,0,Consultant,0
lidemo_000058,karpeyatin_verified,leading global teams to success CEO & Founder | Visionary Leader Addressed the board on this in Bhopal last week.,791,11,222,5.7272727272727275,0.0,0.18181818181818182,0.007470405700494196,Founder & Managing Director,Meridian Worldwide Inc,4,2,3,0.283,False,False,False,0.563,Nagpur,Maharashtra,False,False,False,2,1,3.81,0.31,0.1694,2,1,Fake Executive Impersonator,1
lidemo_000059,rai_and_sons,dedicated to client success Helping businesses grow since 2025 Proudly 3 years in business.,3311,10,755,111.8,18.6,4.2,0.040652370884929026,Company Page,Bansal E-Commerce Pvt Ltd,54,29,3,0.253,False,True,True,0.854,Kanpur,Uttar Pradesh,True,True,False,3,1,106.07,0.937,-0.0114,1,1,Business/Company Page,0
lidemo_000060,anita33,bringing outside perspective to hard problems Xiti | Consultant & advisor Based out of Chandigarh this 2016.,770,10,3772,36.8,6.0,1.9,0.05805194805194805,Independent Consultant,Pandey Industries Ltd,2,42,3,0.198,False,True,False,0.898,Amritsar,Punjab,True,True,True,2,1,631.27,0.6,-0.0176,0,0,Consultant,0
lidemo_000061,top_daminibajwa48836,"sharing the system that changed my life Founder of my own success system Ran a session in Pune last week, huge turnout. 💰",6200,6,363,16.166666666666668,3.3333333333333335,0.16666666666666666,0.0031720430107526885,Digital Marketing Guru,Khanna Digital Marketing,191,4,1,0.115,False,False,False,0.211,Jaipur,Rajasthan,False,True,True,2,2,3.6,0.079,0.3524,11,4,Spam/Bot Account,1
lidemo_000062,dominicmadan384,focused on measurable outcomes Advisor to leadership teams since 2015,5073,10,3244,137.5,19.1,3.8,0.031618371772126945,Business Advisor,Chowdhury Innovations,26,19,1,0.565,False,True,True,0.677,Mumbai,Maharashtra,True,False,True,1,2,162.26,0.606,0.032,0,1,Consultant,0
lidemo_000063,gkalita,Mobile Engineer @ Pandey Industries Ltd focused on developer experience and tooling Working with the team at Desai Design Studio on this one.,699,3,474,15.0,3.0,0.3333333333333333,0.026227944682880304,Full-Stack Engineer,Singh Enterprises Pvt Ltd,23,7,4,0.532,False,False,True,0.613,Udaipur,Rajasthan,True,True,False,1,1,614.17,0.719,0.017,1,0,Developer,0
lidemo_000064,hmittal,DM me to learn my system Helping you 10x your network Helped 39 clients hit six figures this 2023.,652,10,3088,16.4,2.5,0.4,0.029601226993865026,Software Engineer,Gupta & Sons Trading Co.,4,36,3,0.822,False,False,True,0.755,Chandigarh,Punjab,True,True,True,3,4,634.02,0.897,0.0431,2,1,Developer,0
lidemo_000065,timothy55_verified,Independent Consultant | Strategy specializing in operations and growth Worked alongside Zehaan on this engagement.,2196,8,9,34.25,1.0,0.0,0.01605191256830601,Executive Chairman,Prime Vantage Corp,6,6,0,0.285,False,False,False,0.525,Pune,Maharashtra,False,False,False,2,1,2.19,0.301,0.1984,9,0,Fake Executive Impersonator,1
lidemo_000066,mitalitella949,Graduate student at Dehradun University eager to apply classroom learning to real problems Project number 61 this semester.,195,10,1140,18.3,6.9,0.8,0.13333333333333336,Graduate Student,Chopra Fintech Solutions,10,6,8,0.514,False,False,True,0.553,Surat,Gujarat,True,True,True,1,4,191.25,0.595,-0.0152,1,0,Student,0
lidemo_000067,get_tristansaha36719,focused on distributed systems Engineer @ Mehta Digital Technologies 22 years into this role now.,3658,10,284,23.6,1.1,0.9,0.006998359759431383,Passive Income Coach,Pandey Industries Ltd,2,4,1,0.053,False,False,False,0.207,Lucknow,Uttar Pradesh,True,False,False,1,2,1.62,0.061,0.4595,7,2,Spam/Bot Account,1
lidemo_000068,dua_ghosh_and_shanker,Rao Ventures India | Official Page investing in our people and our product,5717,7,3080,151.57142857142858,20.857142857142858,3.857142857142857,0.030835353207226572,Company Page,Sinha Renewable Energy,23,25,4,0.604,False,True,True,0.957,Delhi,Delhi,False,True,False,1,1,427.55,0.942,0.0377,2,0,Business/Company Page,0
lidemo_000069,suriwarinder,Chairman & Founder since 2024 obsessed with outsized growth,2716,11,1538,72.0909090909091,11.272727272727273,4.181818181818182,0.03223323068683894,Business Advisor,Sinha Renewable Energy,25,5,4,0.688,False,False,True,0.597,Jaipur,Rajasthan,True,False,True,1,2,267.96,0.716,-0.0085,1,0,Consultant,0
lidemo_000070,sharma_inc,"President & CEO, disrupting the industry building the next big thing Since 2015, leading this company forward.",4162,14,2015,128.07142857142858,25.5,10.5,0.03942129470721494,Company Page,Iyer Software Systems,27,33,5,0.77,False,True,True,0.883,Kochi,Kerala,False,False,False,2,1,458.84,0.708,-0.0027,0,1,Business/Company Page,0
lidemo_000071,vasudha51,always looking for new talent Talent Partner based in Lucknow Recruiting drive kicking off in Surat this week.,99,12,1225,2.6666666666666665,0.5,0.0,0.03198653198653199,Teaching Assistant,Saxena Realty Group,143,12,3,0.761,False,False,False,0.545,Noida,Uttar Pradesh,True,True,False,2,1,392.18,0.75,0.0037,0,1,Student,0
lidemo_000072,ekajanadkarni174,"Brijesh | Consultant & advisor focused on practical, durable change Presenting findings in Chennai next month.",7208,12,1258,192.83333333333334,35.333333333333336,6.5,0.03255641879393267,Management Consultant,Pandey Industries Ltd,19,39,3,0.729,False,False,False,0.815,Delhi,Delhi,True,False,False,1,4,456.43,0.945,0.0282,1,0,Consultant,0
lidemo_000073,win_manya1620874,Talent Partner based in Delhi hiring for multiple remote roles Hiring event in Vadodara this week.,5289,10,314,41.2,1.4,0.7,0.008186802798260541,HR Manager & Recruiter,Vertex Global Solutions,107,6,2,0.283,False,False,False,0.22,Mumbai,Maharashtra,False,False,False,2,2,0.44,0.34,0.2968,11,0,Fake Recruiter,1
lidemo_000074,pbir,"Engineer @ Bhatt Media Networks believer in small, well-tested changes Shipped feature number 91 this sprint.",6011,9,293,10.333333333333334,0.2222222222222222,0.0,0.001756039852862345,Software Engineer,Pandey Industries Ltd,59,6,1,0.66,False,True,False,0.208,Chandigarh,Punjab,False,True,False,1,1,1.44,0.195,0.2364,9,1,Developer,0
lidemo_000075,ravalwishi_real,top 1% of executives worldwide Chairman & Founder since 2022 Expanding Bhatt Media Networks into Indore this 2020. 💼,854,4,60,7.75,0.25,0.25,0.009660421545667448,Founder & Managing Director,Global Synergy Holdings,5,2,3,0.094,False,False,False,0.504,Ranchi,Jharkhand,False,True,False,1,1,3.48,0.326,0.245,5,0,Fake Executive Impersonator,1
lidemo_000076,ayushman10,"active in student organizations Graduate student at Nagpur University Class of 2017, still learning every day.",5271,8,1,43.625,1.75,1.0,0.008798140770252325,Graduate Student,Pillai Business Solutions,13,49,4,0.512,False,False,True,0.267,Mumbai,Maharashtra,False,False,False,2,1,3.74,0.306,0.5486,8,0,Student,0
lidemo_000077,chandran_dash_and_nair,"investing in our people and our product Built in Mumbai, trusted everywhere Thank you to our 26th client.",9562,6,3457,380.1666666666667,63.666666666666664,37.0,0.050285853726556515,Company Page,Joshi Manufacturing Co.,20,33,3,0.494,False,True,True,0.764,Hyderabad,Telangana,True,True,True,1,4,358.9,0.585,-0.0116,0,1,Business/Company Page,0
lidemo_000078,narulajackson,Platform Engineer based in Vadodara focused on developer experience and tooling Rolling this out from our Lucknow office.,681,5,1074,16.4,2.0,0.6,0.027900146842878122,DevOps Engineer,Malhotra Retail Group,7,20,3,0.444,False,True,True,0.877,Chandigarh,Punjab,True,True,True,2,2,170.26,0.644,-0.0068,0,1,Developer,0
lidemo_000079,bhavika57868,Independent Consultant | Strategy bringing outside perspective to hard problems Speaking at 6 conferences this 2025.,15000,5,2864,787.6,138.0,27.0,0.06350666666666667,Management Consultant,Trivedi Capital Advisors,33,18,5,0.218,False,True,False,0.598,Coimbatore,Tamil Nadu,True,True,False,3,4,84.94,0.761,0.0324,0,0,Consultant,0
lidemo_000080,muni-bedi,Helping businesses grow since 2018 committed to quality and innovation Welcoming 37 new team members this 2023.,2769,9,1410,145.22222222222223,19.666666666666668,6.111111111111111,0.06175514626218852,Corporate Account,Joshi Manufacturing Co.,27,3,2,0.707,False,True,True,0.869,Dehradun,Uttarakhand,True,True,False,3,4,55.02,0.784,0.0235,2,1,Business/Company Page,0
lidemo_000081,thaman_group,Vadodara-based company delivering results focused on long-term partnerships Congrats to Gauri on leading this launch.,13803,11,3386,602.0,60.18181818181818,55.72727272727273,0.052011091133021145,Corporate Account,Nair Consulting Group,30,27,1,0.649,False,True,True,0.897,Gurugram,Haryana,True,True,True,2,2,458.68,0.711,0.0054,1,1,Business/Company Page,0
lidemo_000082,nrajan,enjoys solving hard technical problems Platform Engineer based in Patna Shoutout to Hemang for the pairing session.,542,12,2799,33.333333333333336,7.333333333333333,2.3333333333333335,0.07933579335793359,Mobile Engineer,Rao Ventures India,25,26,7,0.733,False,False,False,0.892,Chennai,Tamil Nadu,True,True,False,2,1,487.62,0.604,-0.0147,1,1,Developer,0
lidemo_000083,verma_kala_and_parmar,"building a great place to work Built in Hyderabad, trusted everywhere Based in Udaipur, serving clients since 2021.",4359,15,967,249.86666666666667,34.06666666666667,15.133333333333333,0.06860900818230481,Corporate Account,Chopra Fintech Solutions,6,23,1,0.688,False,True,True,0.961,Amritsar,Punjab,True,True,False,3,1,56.69,0.82,-0.0052,0,0,Business/Company Page,0
lidemo_000084,butalabalendra.official,Engineer @ Nambiar Exports Pvt Ltd always tinkering with a side project Working with the team at Rao Ventures India on this one.,563,13,110,2.076923076923077,0.07692307692307693,0.0,0.003825659243065993,CEO & Founder,Vertex Global Solutions,104,5,1,0.332,False,False,False,0.439,Udaipur,Rajasthan,False,False,False,1,1,0.2,0.09,0.4277,1,3,Fake Executive Impersonator,1
lidemo_000085,qjayaraman,Full-Stack Engineer building scalable systems passionate about clean code and mentorship Shoutout to Fariq for the pairing session.,536,12,2298,36.083333333333336,7.083333333333333,2.4166666666666665,0.08504353233830846,DevOps Engineer,Rao Ventures India,4,43,3,0.776,False,True,True,0.546,Pune,Maharashtra,True,True,False,3,3,134.38,0.838,0.022,0,0,Developer,0
lidemo_000086,lakshitbose_fanpage,"President & CEO, disrupting the industry obsessed with outsized growth Milestone number 57 for the company this 2019. 💼",363,6,87,2.1666666666666665,0.0,0.0,0.005968778696051423,Executive Chairman,Pinnacle Universal Holdings,3,1,1,0.181,False,False,False,0.56,Gurugram,Haryana,False,False,False,1,2,0.16,0.18,0.3002,7,2,Fake Executive Impersonator,1
lidemo_000087,bajajvedant,"Studying in Chennai, always curious eager to apply classroom learning to real problems Met with a career advisor in Coimbatore this week.",13391,13,378,138.0,11.615384615384615,1.6153846153846154,0.011293463462830947,Research Assistant,Rao Ventures India,35,5,2,0.713,False,False,False,0.332,Bhubaneswar,Odisha,False,False,False,1,1,3.57,0.111,0.3801,7,1,Student,0
lidemo_000088,free_gollabrijesh30390,Online Business Mentor @ Menon Technologies Pvt Ltd building a community of driven entrepreneurs Only 17 spots left this month.,3237,6,317,22.333333333333332,1.5,0.6666666666666666,0.007568736484399135,Online Business Mentor,Self-Employed,5,4,12,0.043,False,False,False,0.26,Vadodara,Gujarat,True,False,False,2,2,3.2,0.293,0.5021,8,5,Spam/Bot Account,1
lidemo_000089,win_anamikabajaj90293,Founder of my own success system helping others achieve financial freedom Helped 97 clients hit six figures this 2023.,1503,15,339,6.666666666666667,0.06666666666666667,0.0,0.0044799290308272345,Passive Income Coach,Self-Employed,4,4,1,0.363,False,True,False,0.193,Guwahati,Assam,False,False,False,2,2,1.14,0.082,0.2235,5,4,Spam/Bot Account,1
lidemo_000090,dshanker742,Full-Stack Engineer building scalable systems enjoys solving hard technical problems Spoke with Kiaan on the platform team about it.,1501,3,2587,89.66666666666667,10.666666666666666,4.333333333333333,0.06973129025094382,Full-Stack Engineer,Khanna Digital Marketing,3,39,2,0.143,False,True,False,0.718,Surat,Gujarat,True,False,True,3,1,706.93,0.682,0.0021,1,0,Developer,0
lidemo_000091,hardik84,Strategy Consultant @ Singh Enterprises Pvt Ltd trusted advisor to leadership teams Speaking at 85 conferences this 2016.,1430,13,3378,49.23076923076923,5.461538461538462,3.076923076923077,0.040398063474986555,Business Advisor,Nambiar Exports Pvt Ltd,21,12,1,0.762,False,False,False,0.785,Thiruvananthapuram,Kerala,True,True,False,3,1,545.92,0.801,0.0568,2,0,Consultant,0
lidemo_000092,reyansh08,Manbir | Consultant & advisor trusted advisor to leadership teams Advising a team at Pillai Business Solutions this quarter.,2490,13,1773,137.53846153846155,20.76923076923077,3.923076923076923,0.06515291936978684,Business Advisor,Malhotra Retail Group,28,44,4,0.807,False,False,False,0.74,Thiruvananthapuram,Kerala,True,True,True,3,2,230.59,0.839,0.0313,2,1,Consultant,0
lidemo_000093,win_upkaardhillon40527,"Hiring Manager | Dehradun and remote connecting top talent with top pay Position number 51 still open, apply now.",1554,10,17,20.6,2.9,0.0,0.015122265122265123,Global Recruiter,Desai Design Studio,2,5,2,0.261,False,False,False,0.283,Bhopal,Madhya Pradesh,False,False,False,2,1,0.22,0.293,0.3374,0,4,Fake Recruiter,1
lidemo_000094,best_jagrati9126188,helping candidates land dream jobs fast Hiring Manager | Ahmedabad and remote Working with Sinha Renewable Energy to fill this fast. 🚀,5089,7,159,13.571428571428571,1.0,0.0,0.0028633186424501023,Talent Acquisition Specialist,Prime Vantage Corp,4,2,2,0.167,False,True,False,0.215,Ahmedabad,Gujarat,False,False,False,2,1,0.21,0.342,0.4321,11,1,Fake Recruiter,1
lidemo_000095,nagarajan_comar_and_thak,"building a great place to work Trivedi Capital Advisors, headquartered in Bhopal Based in Coimbatore, serving clients since 2024.",13653,11,295,37.45454545454545,0.8181818181818182,0.0,0.00280324670568573,Corporate Account,Bansal E-Commerce Pvt Ltd,13,43,2,0.763,False,False,False,0.337,Chandigarh,Punjab,False,False,False,2,1,1.85,0.264,0.4506,6,5,Business/Company Page,0
lidemo_000096,niteshbhatti,"turning strangers into six-figure success stories Growth Hacker | LinkedIn Top Voice Ask Tejas, they joined last month.",194,8,2141,15.5,2.75,1.125,0.09987113402061856,Research Assistant,Desai Design Studio,2,4,5,0.587,False,False,True,0.735,Mysuru,Karnataka,True,False,False,3,1,301.55,0.923,0.0283,1,1,Student,0
lidemo_000097,get_pgaba33054,Hiring Manager | Indore and remote connecting top talent with top pay 88 candidates placed since 2021.,1893,5,40,14.6,1.4,0.0,0.008452192287374538,Head of Global Hiring,Zenith Capital Partners,7,1,1,0.148,False,True,False,0.424,Pune,Maharashtra,False,True,False,1,1,2.34,0.057,0.3501,4,5,Fake Recruiter,1
lidemo_000098,best_nidrakhanna5935,"Global Recruiter | Hiring Now helping candidates land dream jobs fast Position number 74 still open, apply now.",1777,10,29,17.3,0.3,0.4,0.010129431626336522,Global Recruiter,Gupta & Sons Trading Co.,93,31,1,0.272,False,False,False,0.408,Chennai,Tamil Nadu,False,True,False,2,2,1.06,0.329,0.573,12,5,Fake Recruiter,1
lidemo_000099,mallickvrishti,"Aspiring professional, studying at Bengaluru University seeking internship opportunities 18 credits away from graduating.",123,7,2146,9.0,1.8571428571428572,0.14285714285714285,0.08943089430894309,Undergraduate Student,Kapoor Logistics Pvt Ltd,35,35,2,0.241,False,False,True,0.524,Ahmedabad,Gujarat,True,True,True,3,3,334.55,0.861,-0.0123,1,0,Student,0
lidemo_000100,gautam00316,"Backend Developer | Indore believer in small, well-tested changes PR number 23 merged today.",302,8,1867,16.875,3.25,0.75,0.0691225165562914,Mobile Engineer,Malhotra Retail Group,37,2,4,0.282,False,False,False,0.554,Ahmedabad,Gujarat,True,False,False,2,1,109.97,0.611,0.0281,2,0,Developer,0
lidemo_000101,promo_ikbalpandit44415,Platform Engineer based in Chennai focused on developer experience and tooling Rolling this out from our Pune office.,7821,8,320,8.5,0.625,0.0,0.001166730597110344,Talent Acquisition Specialist,Prime Vantage Corp,5,6,2,0.174,False,True,False,0.299,Pune,Maharashtra,False,False,False,2,2,2.07,0.239,0.515,12,6,Fake Recruiter,1
lidemo_000102,get_mandajalsa53734,"Senior Talent Acquisition Specialist placing candidates across every industry Position number 31 still open, apply now. 🚀",5678,10,239,53.8,1.4,0.0,0.009721733004579076,Global Recruiter,Pinnacle Universal Holdings,6,8,2,0.764,False,False,False,0.262,Guwahati,Assam,False,True,False,1,2,3.13,0.238,0.428,12,3,Fake Recruiter,1
lidemo_000103,shop_neelima2276367,"DM me to learn my system Financial Freedom Coach | Pune Ask Gunbir, they joined last month.",9156,8,1266,195.875,13.125,15.5,0.024519440803844474,Growth Hacker,Self-Employed,2,1,0,0.166,False,False,True,0.695,Bengaluru,Karnataka,True,True,False,2,3,642.96,0.712,0.0507,0,1,Spam/Bot Account,1
lidemo_000104,zthakur32,focused on measurable outcomes Management Consultant @ Saxena Realty Group Case study number 24 published this month.,3888,8,3639,192.125,28.5,11.125,0.05960648148148148,Independent Consultant,Malhotra Retail Group,11,28,6,0.372,False,False,False,0.733,Patna,Bihar,False,True,False,3,3,253.31,0.71,0.0328,0,0,Consultant,0
lidemo_000105,d’alia_subramanian_and_s,leading global teams to success Chairman of Sharma Textiles Pvt Ltd Expanding Desai Design Studio into Chandigarh this 2022.,2856,9,2132,118.0,9.0,2.7777777777777777,0.04544039838157485,Corporate Account,Pandey Industries Ltd,28,1,3,0.824,False,True,True,0.692,Ahmedabad,Gujarat,True,True,True,1,4,429.12,0.803,0.0449,0,1,Business/Company Page,0
lidemo_000106,wali-magar,building a great place to work Iyer Software Systems | Official Page Opening a new office in Vadodara this 2022.,6584,14,355,37.285714285714285,0.9285714285714286,0.0,0.005804113869119945,Corporate Account,Agarwal Global Traders,14,24,4,0.48,False,False,False,0.341,Udaipur,Rajasthan,False,False,False,2,2,1.3,0.082,0.581,11,5,Business/Company Page,0
lidemo_000107,official_vgill82661,Senior Talent Acquisition Specialist connecting top talent with top pay Hiring event in Gurugram this week. 🚀,2258,10,1852,155.9,36.1,4.5,0.08702391496899911,Senior Recruitment Consultant,Sinha Renewable Energy,3,5,4,0.287,False,True,False,0.931,Chennai,Tamil Nadu,False,True,False,2,1,571.14,0.799,0.0068,2,0,Fake Recruiter,1
lidemo_000108,xalak41,focused on distributed systems Software Engineer at Rao Ventures India,4367,10,138,26.0,1.8,0.0,0.006365926265170598,Software Engineer,Rao Ventures India,13,21,11,0.295,False,False,False,0.403,Surat,Gujarat,False,True,False,2,1,2.71,0.201,0.2145,5,3,Developer,0
lidemo_000109,samueldar_real,Helping businesses grow since 2018 dedicated to client success Thank you to our 58th client.,159,4,1070,8.25,0.25,0.75,0.05817610062893082,Executive Chairman,Nexus International Group,6,28,12,0.317,False,False,True,0.7,Thiruvananthapuram,Kerala,True,True,True,3,3,198.24,0.798,0.0137,2,0,Fake Executive Impersonator,1
lidemo_000110,real_jairaj2412442,Financial Freedom Coach | Chandigarh sharing the system that changed my life Only 54 spots left this month. 🚀,6870,7,196,77.42857142857143,2.857142857142857,1.4285714285714286,0.011894364732792682,LinkedIn Top Voice,Self-Employed,2,4,1,0.163,False,False,False,0.167,Kanpur,Uttar Pradesh,False,False,False,1,1,2.18,0.155,0.3107,9,0,Spam/Bot Account,1
lidemo_000111,win_saumyavohra78296,"Financial Freedom Coach | Indore helping others achieve financial freedom Ask Quincy, they joined last month.",2579,7,245,22.428571428571427,0.7142857142857143,0.7142857142857143,0.009250540076441589,Digital Marketing Guru,Self-Employed,4,1,1,0.028,False,True,False,0.343,Noida,Uttar Pradesh,False,False,False,2,2,1.36,0.232,0.1478,9,6,Spam/Bot Account,1
lidemo_000112,ekajamaharaj,Advisor to leadership teams since 2017 trusted advisor to leadership teams Engagement number 25 wrapped this quarter.,3453,11,1949,182.72727272727272,29.90909090909091,5.363636363636363,0.06313350709527947,Independent Consultant,Menon Technologies Pvt Ltd,12,10,1,0.505,False,False,True,0.876,Chandigarh,Punjab,True,False,False,3,1,361.07,0.884,0.0365,2,0,Consultant,0
lidemo_000113,official_tnori862,"Financial Freedom Coach | Kochi DM me to learn my system Ran a session in Chennai last week, huge turnout.",3037,10,75,35.7,0.8,0.3,0.0121172209417188,Digital Marketing Guru,Iyer Software Systems,7,3,9,0.033,False,False,False,0.233,Amritsar,Punjab,False,False,False,2,1,3.09,0.27,0.2104,7,5,Spam/Bot Account,1
lidemo_000114,best_urvigulati86709,"Recruiter @ Desai Design Studio high-paying opportunities available now Position number 48 still open, apply now. 🚀",3628,9,385,11.555555555555555,0.2222222222222222,0.2222222222222222,0.00330760749724366,Senior Recruitment Consultant,Vertex Global Solutions,4,5,2,0.105,False,False,False,0.437,Dehradun,Uttarakhand,False,False,False,2,1,0.4,0.324,0.2718,1,4,Fake Recruiter,1
lidemo_000115,vmital,helping teams turn strategy into execution Advisor to leadership teams since 2019,10494,11,1236,424.90909090909093,42.09090909090909,22.90909090909091,0.04668468562122079,Independent Consultant,Menon Technologies Pvt Ltd,11,10,2,0.808,False,True,False,0.769,Ranchi,Jharkhand,True,True,False,2,4,345.08,0.853,0.0114,2,0,Consultant,0
lidemo_000116,hora_verma_and_dhawan,Helping businesses grow since 2018 committed to quality and innovation Thank you to our 82th client.,4951,13,1268,143.46153846153845,12.384615384615385,7.0,0.0328915681369731,Company Page,Kulkarni Software Pvt Ltd,55,43,3,0.101,False,True,True,0.942,Kolkata,West Bengal,True,True,False,3,2,405.4,0.793,0.0403,0,1,Business/Company Page,0
lidemo_000117,upmadey,Independent Consultant | Strategy bringing outside perspective to hard problems,3241,4,3573,146.5,15.5,2.75,0.05083307621104597,Business Advisor,Agarwal Global Traders,20,27,12,0.461,False,True,False,0.571,Chandigarh,Punjab,True,True,False,3,3,565.81,0.84,0.0154,2,0,Consultant,0
lidemo_000118,top_anandwishi90783,self-made success story Financial Freedom Coach | Gurugram 💰🚀,3899,8,299,27.75,2.75,0.25,0.007886637599384457,LinkedIn Top Voice,Self-Employed,159,4,1,0.11,False,False,False,0.307,Dehradun,Uttarakhand,False,False,False,2,1,0.71,0.287,0.0852,1,4,Spam/Bot Account,1
lidemo_000119,hiraldey,Logan | Software Engineer advocate for good engineering practices Rolling this out from our Coimbatore office.,692,13,781,31.0,7.076923076923077,1.3846153846153846,0.05702534459759894,Backend Developer,Reddy Infotech Solutions,20,1,9,0.802,False,True,True,0.523,Pune,Maharashtra,True,True,False,2,2,266.39,0.848,0.0269,2,0,Developer,0
lidemo_000120,ati32_verified,featured thought leader in business Serial Entrepreneur | CEO Meeting with Frado to plan the next phase. 💼,569,9,82,4.222222222222222,0.4444444444444444,0.0,0.008201523140011716,Chairman & CEO,Nexus International Group,6,1,3,0.248,False,False,False,0.463,Mysuru,Karnataka,False,False,False,2,2,2.55,0.215,0.5754,10,3,Fake Executive Impersonator,1
lidemo_000121,kannan-bahri,Gurugram-based company delivering results building a great place to work Proudly 98 years in business.,7659,9,1490,142.77777777777777,9.777777777777779,9.88888888888889,0.02120961541251396,Company Page,Iyer Software Systems,14,28,10,0.565,False,True,True,0.85,Gurugram,Haryana,True,True,False,3,1,216.2,0.838,-0.0172,1,1,Business/Company Page,0
lidemo_000122,jayaramandalbir579,focused on measurable outcomes Consultant based in Jaipur Case study number 41 published this month.,1000,3,862,71.66666666666667,9.666666666666666,4.0,0.08533333333333334,Independent Consultant,Joshi Manufacturing Co.,14,19,8,0.351,False,False,True,0.875,Jaipur,Rajasthan,True,True,True,2,3,228.81,0.893,-0.006,0,0,Consultant,0
lidemo_000123,charanbatta_real,Chairman & Founder since 2022 top 1% of executives worldwide 55 years of industry-leading growth.,378,10,1270,33.5,7.5,1.3,0.1119047619047619,President & Chief Executive Officer,Prime Vantage Corp,3,1,3,0.125,False,False,True,0.414,Pune,Maharashtra,True,False,False,2,2,703.78,0.867,-0.0049,0,0,Fake Executive Impersonator,1
lidemo_000124,bsabharwal,focused on measurable outcomes Strategy Consultant @ Kapoor Logistics Pvt Ltd Presenting findings in Bhopal next month.,6216,8,2928,221.625,27.625,6.75,0.04118404118404118,Independent Consultant,Chopra Fintech Solutions,23,2,1,0.848,False,False,True,0.745,Noida,Uttar Pradesh,True,False,True,2,2,203.35,0.578,-0.0139,1,0,Consultant,0
lidemo_000125,sailoyal,Helping companies navigate change trusted advisor to leadership teams Worked alongside Isaac on this engagement.,1134,7,824,48.57142857142857,10.428571428571429,2.4285714285714284,0.05416981607457798,Business Advisor,Verma Analytics Labs,18,22,3,0.801,False,False,True,0.912,Gurugram,Haryana,True,True,False,3,3,287.38,0.946,-0.0163,0,1,Consultant,0
lidemo_000126,vermafaraj_real,Serial Entrepreneur | CEO obsessed with outsized growth Meeting with Harini to plan the next phase. 💼,167,10,146,1.6,0.1,0.0,0.010179640718562876,President & Chief Executive Officer,Meridian Worldwide Inc,212,2,6,0.099,False,True,True,0.524,Guwahati,Assam,False,True,False,1,2,3.78,0.24,0.1014,7,5,Fake Executive Impersonator,1
lidemo_000127,bbail,Strategy Consultant @ Sharma Textiles Pvt Ltd trusted advisor to leadership teams Based out of Bhubaneswar this 2016.,755,12,2817,41.583333333333336,6.833333333333333,0.8333333333333334,0.06523178807947021,Strategy Consultant,Nair Consulting Group,24,35,10,0.523,False,False,False,0.757,Chandigarh,Punjab,True,True,False,1,2,142.35,0.595,0.033,0,0,Consultant,0
lidemo_000128,goelturvi1,"Chairman of Trivedi Capital Advisors obsessed with outsized growth Since 2024, leading this company forward.",530,13,183,3.769230769230769,0.23076923076923078,0.0,0.007547169811320755,Executive Chairman,Prime Vantage Corp,3,1,3,0.312,False,False,True,0.577,Vadodara,Gujarat,False,False,False,2,1,2.84,0.139,0.2276,7,4,Fake Executive Impersonator,1
lidemo_000129,best_khuranayoshita75574,"Financial Freedom Coach | Bengaluru turning strangers into six-figure success stories Ask Balendra, they joined last month. 🚀",3386,17,272,29.705882352941178,1.5294117647058822,0.47058823529411764,0.009363816406657169,Online Business Mentor,Self-Employed,4,4,1,0.024,False,True,False,0.393,Bengaluru,Karnataka,False,False,False,1,2,2.36,0.145,0.2263,6,3,Spam/Bot Account,1
lidemo_000130,abhagoel807,Management Consultant @ Reddy Infotech Solutions focused on measurable outcomes Advising a team at Chowdhury Innovations this quarter.,1498,12,2212,41.083333333333336,8.25,2.5833333333333335,0.03465732087227415,Independent Consultant,Bose Healthcare Pvt Ltd,2,18,2,0.732,False,False,True,0.553,Bhopal,Madhya Pradesh,True,True,False,1,4,624.22,0.945,0.0321,0,0,Consultant,0
lidemo_000131,smahal,"eager to apply classroom learning to real problems Aspiring professional, studying at Chennai University Met with a career advisor in Nagpur this week.",67,10,918,3.3,0.9,0.2,0.06567164179104479,Graduate Student,Khanna Digital Marketing,9,31,4,0.654,False,False,True,0.474,Jaipur,Rajasthan,True,True,False,3,4,563.27,0.645,0.0595,0,0,Student,0
lidemo_000132,srinivasan_dutta_and_bas,Serving clients worldwide since 2025 dedicated to client success Opening a new office in Mysuru this 2016.,4569,14,1530,133.64285714285714,7.857142857142857,3.2142857142857144,0.03167307632179596,Corporate Account,Trivedi Capital Advisors,1,28,2,0.675,False,True,False,0.883,Delhi,Delhi,True,True,False,2,2,411.69,0.688,0.0201,2,1,Business/Company Page,0
lidemo_000133,bhavyabanik434,Talent Partner based in Surat high-paying opportunities available now Slot number 9 still available.,136,10,1792,8.4,2.0,0.0,0.07647058823529412,Research Assistant,Nambiar Exports Pvt Ltd,1,6,3,0.678,False,False,False,0.615,Chandigarh,Punjab,True,True,False,1,1,566.92,0.818,-0.0029,0,1,Student,0
lidemo_000134,bimala40,focused on developer experience and tooling Engineer @ Bhatt Media Networks Working with the team at Desai Design Studio on this one.,715,10,2273,39.8,6.4,3.2,0.06909090909090909,Full-Stack Engineer,Pillai Business Solutions,36,37,2,0.644,False,False,True,0.504,Delhi,Delhi,True,True,True,2,3,83.59,0.802,0.0162,1,1,Developer,0
lidemo_000135,promo_trivenigolla3974,hiring for multiple remote roles Talent Partner based in Hyderabad Recruiting drive kicking off in Gurugram this week.,273,10,730,14.9,2.3,0.7,0.06556776556776556,Talent Acquisition Specialist,Nexus International Group,9,0,1,0.153,False,False,False,0.751,Chandigarh,Punjab,False,True,True,3,3,231.58,0.561,0.0408,1,1,Fake Recruiter,1
lidemo_000136,official_tataindira20407,"Helping you 10x your network DM me to learn my system Since 2025, thousands have joined my program.",848,12,61,2.8333333333333335,0.08333333333333333,0.0,0.003439465408805032,LinkedIn Top Voice,Sinha Renewable Energy,4,21,1,0.143,False,True,False,0.227,Indore,Madhya Pradesh,True,False,False,2,2,2.87,0.15,0.4805,12,4,Spam/Bot Account,1
lidemo_000137,official_epalla76182,Senior Talent Acquisition Specialist high-paying opportunities available now,3988,10,236,20.8,1.7,0.4,0.00574222668004012,Head of Global Hiring,Meridian Worldwide Inc,3,6,4,0.197,False,False,False,0.42,Chennai,Tamil Nadu,True,False,False,1,2,2.18,0.063,0.5322,5,4,Fake Recruiter,1
lidemo_000138,ilalla_verified,"Serial Entrepreneur | CEO featured thought leader in business Based in Amritsar, thinking globally.",472,9,296,5.777777777777778,0.2222222222222222,0.0,0.012711864406779662,Founder & Managing Director,Global Synergy Holdings,2,1,1,0.105,False,False,False,0.45,Noida,Uttar Pradesh,True,False,False,2,1,3.26,0.054,0.5275,8,3,Fake Executive Impersonator,1
lidemo_000139,top_rbajaj37652,"combining coursework with real-world projects Aspiring professional, studying at Kolkata University Shoutout to Xalak for the mentorship.",6171,8,179,60.875,2.375,0.875,0.010391346621293145,Digital Marketing Guru,Self-Employed,2,5,1,0.168,False,False,False,0.386,Kochi,Kerala,True,False,False,2,2,2.84,0.131,0.0882,7,3,Spam/Bot Account,1
lidemo_000140,aryan47_hq,"Built in Hyderabad, trusted everywhere driven by our customers' success Welcoming 80 new team members this 2024.",91,11,267,0.5454545454545454,0.0,0.0,0.005994005994005993,CEO & Founder,Meridian Worldwide Inc,4,1,2,0.2,False,False,False,0.59,Coimbatore,Tamil Nadu,False,False,False,2,2,1.98,0.293,0.5648,9,6,Fake Executive Impersonator,1
lidemo_000141,real_zdas13478,Recruiter @ Malhotra Retail Group always looking for new talent Filled 5 roles this month alone.,3387,7,147,25.714285714285715,1.7142857142857142,0.5714285714285714,0.00826690286389135,Head of Global Hiring,Trivedi Capital Advisors,2,2,2,0.13,False,False,False,0.257,Jaipur,Rajasthan,False,False,False,2,1,3.7,0.284,0.5055,9,0,Fake Recruiter,1
lidemo_000142,chandanigopal_fanpage,"CEO | Based in Mumbai, thinking globally redefining what's possible in this industry Milestone number 89 for the company this 2024.",893,12,14,16.833333333333332,1.0833333333333333,0.0,0.020063456513624484,Executive Chairman,Zenith Capital Partners,13,0,2,0.171,False,False,False,0.714,Patna,Bihar,True,False,False,1,1,2.57,0.077,0.2546,12,5,Fake Executive Impersonator,1
lidemo_000143,ria95,"passionate about clean code and mentorship Backend Developer | Coimbatore Based out of Udaipur, remote-first.",544,10,2402,14.6,2.2,0.1,0.03106617647058824,Mobile Engineer,Patel Agro Industries,24,24,12,0.536,False,False,True,0.82,Gurugram,Haryana,True,True,True,2,1,216.61,0.637,0.0292,0,0,Developer,0
lidemo_000144,aroranetra_fanpage,"scaling companies from zero to global President & CEO, disrupting the industry Expanding Iyer Software Systems into Hyderabad this 2019.",4375,8,3282,224.25,40.125,9.125,0.06251428571428572,Founder & Managing Director,Pinnacle Universal Holdings,8,43,2,0.766,False,False,True,0.746,Ranchi,Jharkhand,True,True,True,1,4,299.57,0.9,0.0202,2,1,Fake Executive Impersonator,1
lidemo_000145,promo_netra8973451,Senior Talent Acquisition Specialist always looking for new talent Filled 55 roles this month alone. 🚀,10043,10,37,18.9,0.4,0.0,0.0019217365329084932,Senior Recruitment Consultant,Zenith Capital Partners,2,8,7,0.292,False,True,False,0.352,Ahmedabad,Gujarat,False,False,False,1,2,2.38,0.332,0.5787,8,1,Fake Recruiter,1
lidemo_000146,samargokhale,Global Recruiter | Hiring Now placing candidates across every industry Hiring event in Nagpur this week.,3470,7,348,24.142857142857142,1.7142857142857142,0.0,0.007451626183614657,Business Advisor,Patel Agro Industries,22,20,9,0.571,False,False,False,0.437,Delhi,Delhi,False,False,False,1,2,0.11,0.3,0.1041,7,0,Consultant,0
lidemo_000147,kurianhemani_fanpage,"CEO | Based in Patna, thinking globally featured thought leader in business Since 2019, leading this company forward. 💼",276,5,253,1.0,0.0,0.0,0.0036231884057971015,Executive Chairman,Global Synergy Holdings,7,6,1,0.542,False,False,False,0.646,Mysuru,Karnataka,False,True,False,2,1,0.05,0.126,0.2061,2,5,Fake Executive Impersonator,1
lidemo_000148,xavier35,Varenya | undergraduate student combining coursework with real-world projects Met with a career advisor in Surat this week.,507,9,194,9.555555555555555,0.3333333333333333,0.0,0.01950471181240412,Teaching Assistant,Joshi Manufacturing Co.,28,12,4,0.526,False,False,False,0.439,Patna,Bihar,False,False,False,1,1,2.98,0.264,0.3035,8,4,Student,0
lidemo_000149,udant24283,focused on measurable outcomes Strategy Consultant @ Kulkarni Software Pvt Ltd 62 years advising clients across industries.,1227,12,3684,78.5,8.833333333333334,4.583333333333333,0.07491170877478945,Business Advisor,Malhotra Retail Group,2,35,8,0.632,False,False,True,0.632,Chandigarh,Punjab,True,False,False,1,4,53.68,0.694,-0.0098,1,0,Consultant,0
lidemo_000150,datta_inc,"Kulkarni Software Pvt Ltd, headquartered in Chennai investing in our people and our product Partnering with Nair Consulting Group on this initiative.",2931,7,1702,47.285714285714285,5.142857142857143,3.7142857142857144,0.019154847199883026,Company Page,Saxena Realty Group,23,33,1,0.612,False,True,False,0.738,Mumbai,Maharashtra,True,False,True,1,3,128.35,0.764,0.0214,0,0,Business/Company Page,0
lidemo_000151,saxena-varma,proud to serve customers worldwide Innovating in our industry since 2023 Expanding into Bhubaneswar this 2020.,1874,9,303,5.666666666666667,0.0,0.0,0.003023834934187122,Corporate Account,Patel Agro Industries,22,41,4,0.563,False,False,False,0.249,Chandigarh,Punjab,False,False,False,2,2,0.33,0.182,0.5221,2,2,Business/Company Page,0
lidemo_000152,ibabu_fanpage,Chairman of Sharma Textiles Pvt Ltd featured thought leader in business Announcement number 78 this quarter.,157,8,152,2.875,0.0,0.0,0.018312101910828025,Founder & Managing Director,Nexus International Group,5,3,2,0.228,False,False,False,0.47,Chennai,Tamil Nadu,True,True,True,1,1,1.17,0.281,0.5835,11,6,Fake Executive Impersonator,1
lidemo_000153,mammen_badal_and_kumar,dedicated to client success Serving clients worldwide since 2021 Milestone number 81 unlocked this quarter.,2382,10,3526,66.4,9.3,4.0,0.033459277917716204,Corporate Account,Mehta Digital Technologies,7,12,1,0.164,False,False,True,0.732,Ranchi,Jharkhand,True,True,False,3,1,514.71,0.551,0.0217,0,0,Business/Company Page,0
lidemo_000154,megha56,enjoys solving hard technical problems Engineer @ Mehta Digital Technologies Spoke with Qushi on the platform team about it.,1783,10,2517,43.4,4.0,1.2,0.027257431295569266,Frontend Developer,Nair Consulting Group,20,4,2,0.39,False,False,False,0.611,Chennai,Tamil Nadu,True,True,True,3,1,46.71,0.787,0.0304,1,0,Developer,0
lidemo_000155,shop_hemanagarajan58252,DM me to learn my system Passive Income Coach Session number 79 of my mentorship program.,2485,10,6,14.8,1.0,0.3,0.00647887323943662,Online Business Mentor,Self-Employed,4,43,1,0.062,False,False,False,0.145,Lucknow,Uttar Pradesh,False,False,False,2,1,2.51,0.199,0.4097,2,0,Spam/Bot Account,1
lidemo_000156,yohannanchristopher781,"combining coursework with real-world projects Studying in Bengaluru, always curious Cohort of 2020, Vadodara campus.",382,13,1288,20.76923076923077,5.615384615384615,1.4615384615384615,0.07289569069673782,Research Assistant,Krishnan Cloud Systems,12,36,4,0.483,False,False,True,0.527,Thiruvananthapuram,Kerala,True,False,True,2,2,716.18,0.584,0.0582,1,0,Student,0
lidemo_000157,the_andrewbhatnagar97288,teaching thousands how to succeed online Online Business Mentor @ Nair Consulting Group Only 61 spots left this month. 💰🚀,1718,11,35,8.727272727272727,0.0,0.0,0.005079902635199492,Growth Hacker,Chowdhury Innovations,2,4,1,0.155,False,True,False,0.354,Jaipur,Rajasthan,True,True,False,2,2,3.1,0.249,0.0733,3,4,Spam/Bot Account,1
lidemo_000158,anthonywalla355,focused on developer experience and tooling Backend Developer | Udaipur 5 years into this role now.,3754,13,2,27.923076923076923,0.6153846153846154,0.38461538461538464,0.007704602270398754,Full-Stack Engineer,Agarwal Global Traders,25,49,2,0.355,False,False,False,0.252,Coimbatore,Tamil Nadu,False,False,False,2,1,2.78,0.143,0.2058,3,2,Developer,0
lidemo_000159,oviya57,"Student at Surat University passionate about learning and growth Cohort of 2022, Patna campus.",134,9,858,5.777777777777778,1.6666666666666667,0.0,0.05555555555555556,Graduate Student,Bansal E-Commerce Pvt Ltd,40,39,1,0.753,False,False,True,0.572,Indore,Madhya Pradesh,True,False,True,1,3,287.53,0.715,0.0515,2,0,Student,0
lidemo_000160,win_vshroff67462,"Founder of my own success system turning strangers into six-figure success stories Case study number 93 of my system, ask me how. 💰",6276,9,321,49.44444444444444,1.8888888888888888,0.6666666666666666,0.0082855321861058,Online Business Mentor,Self-Employed,3,1,1,0.535,False,False,False,0.122,Coimbatore,Tamil Nadu,True,False,False,1,1,1.08,0.157,0.1901,10,2,Spam/Bot Account,1
lidemo_000161,hdayal,specializing in operations and growth Yatan | Consultant & advisor,799,13,2961,43.15384615384615,4.923076923076923,3.3846153846153846,0.0644074323673823,Independent Consultant,Bansal E-Commerce Pvt Ltd,5,45,3,0.568,False,True,False,0.75,Gurugram,Haryana,False,True,False,3,1,309.46,0.677,-0.0071,1,0,Consultant,0
lidemo_000162,narainvritti_verified,"leading global teams to success President & CEO, disrupting the industry Since 2019, leading this company forward.",257,14,105,4.785714285714286,0.2857142857142857,0.07142857142857142,0.020011117287381877,President & Chief Executive Officer,Vertex Global Solutions,6,2,3,0.224,False,False,True,0.357,Nagpur,Maharashtra,False,False,False,1,2,0.89,0.064,0.3709,5,0,Fake Executive Impersonator,1
lidemo_000163,shereladli_verified,"obsessed with outsized growth President & CEO, disrupting the industry Announcement number 84 this quarter.",294,7,221,2.2857142857142856,0.14285714285714285,0.0,0.00826044703595724,Founder & Managing Director,Meridian Worldwide Inc,6,3,2,0.155,False,False,False,0.67,Dehradun,Uttarakhand,False,False,False,1,2,2.15,0.338,0.1188,11,5,Fake Executive Impersonator,1
lidemo_000164,dloke,focused on developer experience and tooling Vihaan | Software Engineer Spoke with Qabil on the platform team about it.,982,6,2497,45.333333333333336,12.833333333333334,0.8333333333333334,0.060081466395112026,Mobile Engineer,Joshi Manufacturing Co.,18,28,1,0.387,False,False,False,0.875,Dehradun,Uttarakhand,True,True,False,3,4,309.92,0.724,0.0251,0,1,Developer,0
lidemo_000165,free_ggopal49121,Helping companies navigate change bringing outside perspective to hard problems Based out of Pune this 2019.,4504,10,679,281.7,33.4,23.2,0.07511101243339253,HR Manager & Recruiter,Joshi Manufacturing Co.,4,7,2,0.378,False,True,True,0.913,Gurugram,Haryana,False,True,False,2,1,36.51,0.61,0.0487,0,1,Fake Recruiter,1
lidemo_000166,janujadyal,building a portfolio one project at a time Student at Gurugram University Met with a career advisor in Noida this week.,303,12,2447,20.416666666666668,8.0,1.1666666666666667,0.09763476347634764,Graduate Student,Krishnan Cloud Systems,19,2,1,0.078,False,False,True,0.585,Mysuru,Karnataka,True,True,False,3,4,506.14,0.699,-0.0198,0,0,Student,0
lidemo_000167,harshilissac,focused on measurable outcomes Independent Consultant | Strategy Speaking at 49 conferences this 2024.,3294,14,354,14.357142857142858,0.21428571428571427,0.21428571428571427,0.004488680718188915,Business Advisor,Gupta & Sons Trading Co.,22,4,6,0.354,False,False,False,0.142,Mysuru,Karnataka,False,False,False,1,1,3.88,0.067,0.4505,6,0,Consultant,0
lidemo_000168,kahluwalia,Logan | student researcher at Kochi University always looking for the next challenge Project number 29 this semester.,171,8,1621,13.625,3.625,0.625,0.10453216374269006,Research Assistant,Saxena Realty Group,26,22,2,0.27,False,False,False,0.77,Amritsar,Punjab,True,True,False,2,1,56.32,0.742,0.0434,1,1,Student,0
lidemo_000169,kale_kurian_and_iyer,Financial Freedom Coach | Lucknow self-made success story Session number 96 of my mentorship program.,1125,8,1361,51.75,4.625,3.5,0.05322222222222222,Company Page,Joshi Manufacturing Co.,3,4,3,0.435,False,True,True,0.935,Amritsar,Punjab,True,True,False,1,1,36.76,0.943,0.0187,1,0,Business/Company Page,0
lidemo_000170,ckata786,Tanmayi | student researcher at Chennai University building a portfolio one project at a time Grateful for Yatan's advice on this one.,263,10,1253,5.8,1.5,0.0,0.027756653992395436,Graduate Student,Gupta & Sons Trading Co.,8,27,2,0.742,False,False,False,0.7,Bhubaneswar,Odisha,True,False,False,3,4,243.08,0.704,0.0201,2,1,Student,0
lidemo_000171,tripathi_llc,building a great place to work Malhotra Retail Group | Official Page Thank you to our 75th client.,4954,6,690,106.5,8.333333333333334,7.5,0.0246938500874714,Corporate Account,Menon Technologies Pvt Ltd,31,41,2,0.361,False,True,True,0.766,Pune,Maharashtra,True,True,False,1,3,19.86,0.595,-0.0125,2,0,Business/Company Page,0
lidemo_000172,ibhardwaj,Full-Stack Engineer building scalable systems always tinkering with a side project 15 years into this role now.,424,11,1524,9.272727272727273,1.4545454545454546,0.18181818181818182,0.025728987993138937,Mobile Engineer,Malhotra Retail Group,19,36,1,0.629,False,True,True,0.726,Bhubaneswar,Odisha,True,True,False,2,1,30.45,0.837,0.0256,0,1,Developer,0
lidemo_000173,karpe-bhatti,"Kapoor Logistics Pvt Ltd, headquartered in Bhopal proud to serve customers worldwide Partnering with Joshi Manufacturing Co. on this initiative.",4813,11,237,35.36363636363637,0.18181818181818182,0.45454545454545453,0.00747974236442967,Corporate Account,Gupta & Sons Trading Co.,20,45,2,0.799,False,False,False,0.164,Jaipur,Rajasthan,False,False,False,2,2,3.95,0.076,0.4205,7,0,Business/Company Page,0
lidemo_000174,get_daranusha56639,"Digital Marketing Guru self-made success story Case study number 8 of my system, ask me how. 🚀💰",5398,8,17,9.625,0.125,0.125,0.0018293812523156724,LinkedIn Top Voice,Self-Employed,1,5,1,0.059,False,True,False,0.378,Gurugram,Haryana,False,True,False,1,2,0.57,0.245,0.3121,10,6,Spam/Bot Account,1
lidemo_000175,tchad355,Platform Engineer based in Jaipur advocate for good engineering practices,1219,10,3375,76.2,12.6,3.0,0.07530762920426579,Full-Stack Engineer,Rao Ventures India,49,14,2,0.06,False,False,False,0.612,Bengaluru,Karnataka,True,True,False,2,2,632.98,0.593,-0.0186,0,0,Developer,0
lidemo_000176,eyohannan_fanpage,"President & CEO, disrupting the industry scaling companies from zero to global Expanding Pillai Business Solutions into Chennai this 2019.",215,5,201,2.8,0.0,0.0,0.013023255813953487,President & Chief Executive Officer,Nexus International Group,6,2,3,0.106,False,False,False,0.409,Bhopal,Madhya Pradesh,False,False,False,1,2,1.91,0.279,0.4291,4,0,Fake Executive Impersonator,1
lidemo_000177,lalamohammed,active in student organizations Graduate student at Kanpur University Project number 72 this semester.,1573,10,2,10.1,0.0,0.0,0.00642085187539733,Research Assistant,Gupta & Sons Trading Co.,20,27,2,0.772,False,True,False,0.234,Udaipur,Rajasthan,False,False,False,1,2,1.13,0.272,0.4719,11,0,Student,0
lidemo_000178,ashroff483,"Studying in Vadodara, always curious building a portfolio one project at a time Grateful for Vasudha's advice on this one.",268,7,1673,8.0,0.8571428571428571,0.14285714285714285,0.033582089552238806,Research Assistant,Patel Agro Industries,15,13,1,0.795,False,False,True,0.455,Noida,Uttar Pradesh,True,False,False,2,4,261.56,0.555,-0.0058,1,0,Student,0
lidemo_000179,official_uparmer29700,"Aspiring professional, studying at Pune University combining coursework with real-world projects Shoutout to Sai for the mentorship.",3436,10,78,45.2,0.7,0.0,0.013358556461001167,LinkedIn Top Voice,Pandey Industries Ltd,2,2,1,0.039,False,False,False,0.29,Noida,Uttar Pradesh,False,False,False,2,2,1.07,0.262,0.3372,4,3,Spam/Bot Account,1
lidemo_000180,oscar78,combining coursework with real-world projects Graduate student at Ranchi University Internship application number 72 submitted.,221,9,1370,4.777777777777778,1.3333333333333333,0.3333333333333333,0.02916038210155857,Graduate Student,Verma Analytics Labs,21,10,3,0.576,False,False,False,0.509,Indore,Madhya Pradesh,True,True,False,3,4,486.37,0.868,0.0098,0,0,Student,0
lidemo_000181,theodoredevi,always looking for the next challenge Urishilla | undergraduate student Shoutout to Aryan for the mentorship.,678,9,827,33.111111111111114,11.0,1.3333333333333333,0.0670272041953458,Teaching Assistant,Nambiar Exports Pvt Ltd,12,5,1,0.627,False,False,False,0.648,Chandigarh,Punjab,True,True,True,2,3,161.8,0.686,-0.0011,2,1,Student,0
lidemo_000182,chopra-vohra,Kochi-based company delivering results building a great place to work Opening a new office in Amritsar this 2016.,5607,8,551,242.875,33.375,6.625,0.05045032994471197,Company Page,Mehta Digital Technologies,2,32,4,0.45,False,True,True,0.799,Vadodara,Gujarat,True,True,False,1,3,582.08,0.904,0.0247,2,1,Business/Company Page,0
lidemo_000183,dasgupta_prakash_and_gan,"building a great place to work Built in Indore, trusted everywhere Congrats to Finn on leading this launch.",1518,9,3685,29.444444444444443,1.6666666666666667,1.0,0.021153564631825505,Corporate Account,Patel Agro Industries,42,31,4,0.701,False,True,True,0.733,Jaipur,Rajasthan,True,True,False,2,1,441.55,0.598,-0.0145,0,1,Business/Company Page,0
lidemo_000184,maxkade,"Serial Entrepreneur | CEO scaling companies from zero to global Based in Jaipur, thinking globally.",1160,10,1760,32.1,5.4,0.7,0.03293103448275862,Frontend Developer,Nambiar Exports Pvt Ltd,33,31,4,0.753,False,True,True,0.648,Mysuru,Karnataka,True,False,False,3,4,455.45,0.649,0.0122,0,1,Developer,0
lidemo_000185,utkarsh92_fanpage,"President & CEO, disrupting the industry featured thought leader in business Milestone number 64 for the company this 2025.",392,12,175,4.0,0.08333333333333333,0.0,0.010416666666666666,Executive Chairman,Meridian Worldwide Inc,2,3,3,0.318,False,True,False,0.358,Bhubaneswar,Odisha,True,False,False,2,2,2.82,0.145,0.2447,12,0,Fake Executive Impersonator,1
lidemo_000186,dray875,Backend Developer | Mysuru focused on developer experience and tooling Working with the team at Rao Ventures India on this one.,1315,10,2274,35.9,4.8,1.0,0.03171102661596958,Full-Stack Engineer,Chopra Fintech Solutions,26,32,4,0.534,False,False,False,0.66,Noida,Uttar Pradesh,True,True,True,3,2,344.49,0.603,0.0469,2,0,Developer,0
lidemo_000187,lokesimon,Platform Engineer based in Vadodara advocate for good engineering practices Spoke with Irya on the platform team about it.,1037,10,3276,21.7,2.1,0.7,0.023625843780135006,Backend Developer,Trivedi Capital Advisors,4,48,2,0.832,False,False,True,0.843,Indore,Madhya Pradesh,True,True,False,1,1,94.09,0.904,0.034,1,0,Developer,0
lidemo_000188,free_goledakshesh10994,"turning strangers into six-figure success stories Passive Income Coach Case study number 57 of my system, ask me how.",4583,8,105,33.5,0.625,0.125,0.007473270783329697,LinkedIn Top Voice,Self-Employed,10,5,0,0.03,False,False,False,0.2,Thiruvananthapuram,Kerala,False,False,False,2,2,3.29,0.148,0.1637,12,3,Spam/Bot Account,1
lidemo_000189,sha-sane,building a great place to work Serving clients worldwide since 2025 Expanding into Nagpur this 2015.,1418,12,1200,15.666666666666666,1.9166666666666667,0.16666666666666666,0.012517630465444287,Company Page,Bhatt Media Networks,32,42,0,0.498,False,True,True,0.857,Indore,Madhya Pradesh,True,True,False,2,3,152.36,0.892,0.0141,1,0,Business/Company Page,0
lidemo_000190,rehaan45_verified,Serial Entrepreneur | CEO featured thought leader in business Meeting with Jonathan to plan the next phase.,369,10,221,1.8,0.1,0.0,0.005149051490514906,Chairman & CEO,Vertex Global Solutions,3,1,1,0.142,False,False,True,0.574,Mysuru,Karnataka,False,False,False,2,1,0.02,0.168,0.5361,5,3,Fake Executive Impersonator,1
lidemo_000191,rajanvaishnavi_verified,"Founder & CEO @ Kulkarni Software Pvt Ltd featured thought leader in business Based in Hyderabad, thinking globally.",153,6,152,1.0,0.0,0.0,0.006535947712418301,Executive Chairman,Vertex Global Solutions,7,3,2,0.506,False,False,True,0.447,Kochi,Kerala,True,False,False,1,1,2.08,0.264,0.1509,11,4,Fake Executive Impersonator,1
lidemo_000192,pahalsastry,passionate about clean code and mentorship Anusha | Software Engineer 27 years into this role now.,727,13,3128,30.46153846153846,4.6923076923076925,1.0769230769230769,0.04983599619087928,Mobile Engineer,Singh Enterprises Pvt Ltd,50,15,4,0.709,False,False,False,0.738,Mumbai,Maharashtra,True,True,True,2,2,404.59,0.87,0.0233,0,0,Developer,0
lidemo_000193,dlanka,always looking for the next challenge Anjali | undergraduate student,295,7,317,18.857142857142858,6.714285714285714,1.4285714285714286,0.09152542372881356,Undergraduate Student,Saxena Realty Group,14,19,3,0.097,False,False,True,0.669,Jaipur,Rajasthan,True,True,False,2,3,81.84,0.721,0.0118,2,1,Student,0
lidemo_000194,promo_uppaljanya60728,Hiring Manager | Vadodara and remote hiring for multiple remote roles Hiring event in Mumbai this week.,2546,12,185,17.25,0.5833333333333334,0.0,0.0070044514270751505,Global Recruiter,Pinnacle Universal Holdings,6,5,2,0.722,False,False,True,0.25,Lucknow,Uttar Pradesh,True,False,False,1,1,3.59,0.322,0.4561,3,0,Fake Recruiter,1
lidemo_000195,echowdhury_verified,Chairman of Joshi Manufacturing Co. scaling companies from zero to global 84 years of industry-leading growth.,438,10,172,6.2,0.3,0.0,0.014840182648401826,Executive Chairman,Global Synergy Holdings,129,3,6,0.21,False,False,False,0.44,Kolkata,West Bengal,False,False,False,2,2,3.51,0.276,0.5621,8,1,Fake Executive Impersonator,1
lidemo_000196,kar_inc,Rao Ventures India | Official Page dedicated to client success Proudly 26 years in business.,6172,9,3876,300.3333333333333,24.22222222222222,15.222222222222221,0.0550514870022323,Company Page,Desai Design Studio,45,48,5,0.616,False,False,True,0.877,Gurugram,Haryana,True,True,True,3,1,161.25,0.895,0.0028,0,1,Business/Company Page,0
lidemo_000197,maxprabhakar701,Advaith | undergraduate student combining coursework with real-world projects Shoutout to Yadavi for the mentorship.,352,15,2041,18.6,2.6666666666666665,1.0,0.06325757575757576,Research Assistant,Iyer Software Systems,16,19,3,0.499,False,False,False,0.598,Chandigarh,Punjab,True,True,True,2,4,377.71,0.698,0.0072,0,0,Student,0
lidemo_000198,get_bhardwajjackson32562,Recruiter @ Nambiar Exports Pvt Ltd filling roles faster than anyone else Recruiting drive kicking off in Guwahati this week.,5545,10,232,88.1,7.6,1.9,0.017601442741208295,HR Manager & Recruiter,Meridian Worldwide Inc,182,5,1,0.194,False,False,False,0.297,Mumbai,Maharashtra,True,True,False,2,1,3.0,0.243,0.2652,5,2,Fake Recruiter,1
lidemo_000199,yashoda33,"Helping companies navigate change focused on practical, durable change",4731,11,561,212.36363636363637,18.454545454545453,7.818181818181818,0.050440998443534904,Management Consultant,Gupta & Sons Trading Co.,10,19,4,0.659,False,False,True,0.802,Pune,Maharashtra,True,False,False,3,4,235.32,0.949,0.018,1,1,Consultant,0
lidemo_000200,cramakrishnan,"believer in small, well-tested changes Mobile Engineer @ Krishnan Cloud Systems Spoke with Sachi on the platform team about it.",1057,5,2854,30.8,4.2,1.8,0.0348155156102176,Backend Developer,Sinha Renewable Energy,19,0,8,0.595,False,False,False,0.818,Vadodara,Gujarat,True,True,True,3,3,553.26,0.769,0.0075,1,0,Developer,0
